medicamento,substancia_correta,llm_response,acertou
"Akynzeo (300mg + 0,56mg) Cáp.",NETUPITANTO + PALONOSETRONA,Netupitanto + Palonosetrona,1
 ACIDO ASCORBICO 1G EFERVESCENTE (VITAMINA C),ACIDO ASCORBICO (VITAMINA C),Ácido Ascórbico,1
Optiray 350 Sol inj 100mL (seringa),IOVERSOL,Ioversol,1
ACIDO ACETIL SALICILICO 100MG,ACIDO ACETILSALICILICO <200MG,Ácido Acetilsalicílico,1
Sulfato de Hidroxicloroquina 400 mg comp,HIDROXICLOROQUINA,Hidroxicloroquina,1
"ENTECAVIR 0,5MG COMP",ENTECAVIR,Entecavir,1
"Fentanila 0,5 mg/10ml, fr-amp 0.1mg/ml",FENTANILA,Fentanila,1
RACECADOTRIL 100MG CAPS,RACECADOTRILA,Racecadotril,1
Zytiga 250mg Cp,ABIRATERONA,Abiraterona,1
AZITromicina 500mg - EV,AZITROMICINA,Azitromicina,1
"Deslanosideo 0,2mg/mL - 2mL",DESLANOSIDEO,Deslanosídeo,1
BUDESONIDA 100MCG/DOSE,BUDESONIDA,Budesonida,1
COMPLEXO VITAMINICO B DRG,VITAMINAS DO COMPLEXO B,Vitaminas do Complexo B,1
RIFAMICINA SODICA 10MG/ML 20ML USO TOPICO (RIFOCIN,RIFAMICINA (TOPICO),Rifamicina Sódica,1
PANTOPRAZOL 40mg COMP ,PANTOPRAZOL,Pantoprazol,1
LEVOFLOXACINO 500 MG FR 100 ML,LEVOFLOXACINO,Levofloxacino,1
"Solução Diálise Peritoneal (Glic1,5% + Ca3,5mEq/L) (Cód1683) 2000mL ",SOLUCAO PARA HEMODIALISE,Glicose e Cálcio,1
"OCTREOTIDE 0,1MG/ML AMPOLA 1ML",OCTREOTIDA,Octreotida,1
ACIDO ACETILSALICILICO 100 MG,ACIDO ACETILSALICILICO <200MG,Ácido Acetilsalicílico,1
Aciclovir 250mg inj,ACICLOVIR,Aciclovir,1
DICLORIDRATO DE BETAISTINA 16 mg,BETAISTINA,Betaistina,1
Noripurum Ev 100mg (20mg/ml) Ampola 5ml,FERRIPOLIMALTOSE (FERRO HIDROXIDO SACARATO),Ferro Dextrano,0
Ondansetrona 2mg/ml amp 2 mL,ONDANSETRONA,Ondansetrona,1
LAMOTRIGINA 25MG - COMPRIMIDO,LAMOTRIGINA,Lamotrigina,1
PERMANGANATO DE POTASSIO,PERMANGANATO DE POTASSIO (TOPICO),Permanganato de Potássio,1
Itraconazol 100 Mg Comprimido (A),ITRACONAZOL,Itraconazol,1
"Sol. de ringer + lactato, bolsa 500 ml",(RINGER LACTATO) CLORETO DE SODIO+CLORETO DE POTASSIO+CLORETO DE CALCIO+LACTATO DE SODIO,Ringer Lactato,1
Synvisc One Seringa 8mg/ml 6ml,HILANO + CLORETO DE SODIO + FOSFATO DISSODICO HIDROGENADO	+ DIHIDROGENOFOSFATO DE SODIO HIDRATADO,Hialuronato de Sódio,1
OXIDO DE ZINCO 200 MG + NISTATINA 100.000 UI/G (POMADA 60G),NISTATINA + OXIDO DE ZINCO (TOPICO),"Óxido de Zinco, Nistatina",1
OLEO MINERAL SOL ORAL,OLEO MINERAL,Óleo Mineral,1
"OLANZapina 2,5mg Comprimido",OLANZapina,Olanzapina,1
FUROSEMIDA 40MG,FUROSEMIDA,Furosemida,1
Hepamax-S 25.000 UI/5mL Sol inj (Alta Vigilância),Heparina,Hepatite B Imunoglobulina Humana,0
"ATROPINA 0,25mg/mL 1mL AMP",ATROPINA,Atropina,1
CLORETO DE SODIO 20% AMP 10 ML,CLORETO DE SODIO,Cloreto de Sódio,1
Tacrolimo 1mg Cápsula,TACROLIMO,Tacrolimo,1
"Carmelose sódica 0,5% Sol oftálmica 10mL",CARMELOSE SODICA(CARBOXIMETILCELULOSE SODICA) (OFTÁLMICO),Carmelose sódica,1
FORMOTEROL FUMARATO DIIDRATADO 6MCG+BUDESONIDA 200MCG/DOSE PO INALANTE 60 DOSES,FORMOTEROL + BUDESONIDA,"Formoterol Fumarato Diidratado, Budesonida",1
"FLUDROCORTISONA 0,1MG COMPRIMIDO NP (FLORINEFE)",FLUDROCORTISONA,Fludrocortisona,1
"BACLOFENO 2,5MG - CP",BACLOFENO,Baclofeno,1
Anastrozol 1 mg comp. rev.,ANASTROZOL,Anastrozol,1
"ALPRAZOLAM 0,25 mg",ALPRAZOLAM,Alprazolam,1
BLEOmicina(SULFATO) 15UI PO P/ SOL INJ - FRASCO AMPOLA,BLEOMICINA,Bleomicina,1
"FentaNILA 500mcg INJ (0,05 mg/mL) 10mL**",FENTANILA,Fentanil,1
"MPP:  BOSENTANA 62,5MG",BOSENTANA,Bosentana,1
Revitam Júnior Solução Oral Frasco 120ml,POLIVITAMINICO,Multivitaminas,1
Vitamina A 50.000ui/ml + Vitamina D 10.000ui/ml ( Livre de Parabenos E Óleos Vegetais)50ml,CLORANFENICOL + RETINOL (VITAMINA A) (TOPICO),"Vitamina A, Vitamina D",0
"Hidrocin (0,75+0,5+5)mg/mL Sol nasal 20mL (Não Padrão)",CLORIDRATO DE NAFAZOLINA + FOSFATO DISSODICO DE DEXAMETASONA + SULFATO DE NEOMICINA,"Hidroclorotiazida, Cloridrato de Amilorida, Maleato de Enalapril",0
LEFLUNOMIDA 20 MG CMP,LEFLUNOMIDA,Leflunomida,1
Alogliptina 25mg + PIOglitazona 30mg,ALOGLIPTINA + PIOGLITAZONA,"Alogliptina, Pioglitazona",1
Hirudoid gel tubo c/ 40g,POLISSULFATO DE MUCOPOLISSACARIDEO  (TÓPICO),Heparinoide,1
Carboximaltose férrica 500mg/10mL Sol inj,CARBOXIMALTOSE FERRICA,Carboximaltose férrica,1
"DOBUTAMINA, 250MG/20ML  AMP 20ML (ALTA VIGILANCIA)",Dobutamina,Dobutamina,1
CLORIDRATO DE METFORMINA 1000 mg + GLIMEPIRIDA 4 mg,GLIMEPIRIDA + METFORMINA,"Metformina, Glimepirida",1
Adenosina 3mg/Ml Inj. Ampola C/ 2ml (AV),ADENOSINA,Adenosina,1
"ATROVENT 0,25MG/ML - GTS",IPRATROPIO,Ipratrópio,1
Prometazina 25mg Cp,PROMETAZINA,Prometazina,1
Sacubitril Valsartana Sódica Hidratada 50mg Comprimido Revestido,SACUBITRIL + VALSARTANA,Sacubitril Valsartana,1
Sulfato De Morfina 10mg Cp.,SULFATO DE MORFINA,Morfina,1
Dolutegravir 50mg,DOLUTEGRAVIR,Dolutegravir,1
Nevirapina 10 mg/mL sol. oral frasco c/ 100 mL,NEVIRAPINA,Nevirapina,1
CICLOSPORINA 25MG CAPS (CEAF),CiclosPORINA,Ciclosporina,1
GABAPENTINA 300 MG - CAP,GABAPENTINA,Gabapentina,1
"BUPIVACAINA CLORIDRATO 0,5% SEM VASOCONSTRITOR - 2",BUPIVACAINA,Bupivacaína,1
METADONA 10 MG,Metadona,Metadona,1
MANIVASC 10MG - CP,MANIDIPINO,Enalapril,0
LoSEC Mups 20mg Cp rev,OMEPRAZOL,Omeprazol,1
CicloFOSFAMida 1g FA - Genuxal,ciclofosfamida,Ciclofosfamida,1
"ATROPINA SULFATO 0,5MG/1ML",ATROPINA,Atropina,1
"SORO FISIOLOGICO 0,9% 1000ML","CLORETO DE SODIO 0,9% (SORO FISIOLOGICO)",Cloreto de Sódio,1
FENTANEST 50mcg/ml FA 10 ml,FENTANILA,Fentanil,1
FENITOINA INJETAVEL 5 ML 50 MG/ML AMP,FENITOINA,Fenitoína,1
Paroxetina 25mg Comprimido Revestido,PAROXETINA,Paroxetina,1
FENOBARBITAL 40MG/ML 20ML SOL OR GTS,FENOBARBITAL,Fenobarbital,1
"Deslanosídeo 0,4mg/2mL amp",DESLANOSIDEO,Deslanosídeo,1
INSULINA REGULAR HUMANA 100 UI/ML FRA,INSULINA REGULAR,Insulina Regular Humana,1
NIMESULIDA 50MG/ML SOLUCAO ORAL DOSE 34 GOTAS,Nimesulida,Nimesulida,1
HIDROSMINA 200 mg,HIDROSMINA,Hidrosmina,1
"FIBRAS VEGETAIS PURIF (PLANTAGO OVATA) PSYLLIUM 3,5 G ENV",PLANTAGO OVATA ((PSYLLIUM HUSK),Psyllium,1
ACIDO TRANEXAMICO,ACIDO TRANEXAMICO,Ácido Tranexâmico,1
FENITOINA COMPRIMIDO 100MG @,FENITOINA,Fenitoína,1
LECANEmabe 500MG INJ (100MG/ML) 5ML,LECANEMABE,Lecanemabe,1
Dimenidrinato 50mg/mL + piridoxina 50mg/mL - 1mL,DIMENIDRINATO + PIRIDOXINA(B6),"Dimenidrinato, Piridoxina",1
"CLORETO DE SODIO 0,9% 10ML","CLORETO DE SODIO 0,9% (SORO FISIOLOGICO)",Cloreto de Sodio,1
PEMETREXEDE - NP,PEMETREXEDE,Pemetrexede,1
COLCHICINA 0.5MG CPR,Colchicina,Colchicina,1
"CALCITRIOL 0,25 MCG",CalciTRIOL,Calcitriol,1
"Mabthera 1400mg / 11,7ml SC",RiTUXimabe,Rituximabe,1
SERETIDE,SALMETEROL + FLUTICASONA,Salmeterol e Fluticasona,1
"Lumigan 0,03% Sol oftálmica 5mL (Não Padrão)",BIMATOPROSTA (OFTALMICO),Bimatoprosta,1
IMUNOGLOBULINA ANTI RHO 300 MCG SER,IMUNOGLOBULINA ANTI-RH,Imunoglobulina Anti-Rho (D),1
Hidrocortisona 20mg Cápsula - Manipulado,HIDROCORTISONA SUCCINATO SODICO,Hidrocortisona,0
Furosemida 20mg/2mL Sol inj,FUROSEMIDA,Furosemida,1
PROTAMINA 1.000 UI/ML  SOLUCAO INJETAVEL AMPOLA 5 ML,PROTAMINA,Protamina,1
ALIVIUM 100MG/ML 20ML (200GOTAS) FR (SE NECESSARIO),IBUPROFENO,Ibuprofeno,1
Mesacol 500mg supositório,MESALAZINA,Mesalazina,1
"Dermacerium 0,4/1,0% Creme 50g (Não Padrão)",SULFADIAZINA DE PRATA + NITRATO DE CERIO (TOPICO),Sulfadiazina de Prata + Nitrato de Cério,1
HIPO - HALOPERIDOL 1 MG,HaloPERidol,Haloperidol,1
"BUDESONIDA 0,5MG/2ML SUSP NEBULIZACAO FR 2ML",BUDESONIDA,Budesonida,1
PERMETRINA 10MG/ML ( 1%) - 60ML – SHAMPOO - FRASCO,PERMETRINA (TOPICO),Permetrina,1
GLICOPIRRONIO BROMETO CAPSULA GELATINOSA DURA COM PO PARA INALACAO 50MCG/DOSE 10 CAPSULAS COM INALADOR,GLICOPIRRONIO,Brometo de Glicopirrônio,1
DEXAMETASONA SOL INJ 2MG/ML AMP EV BOLUS,DEXAMETASONA,Dexametasona,1
FUROSEMIDA COMP 40MG,FUROSEMIDA,Furosemida,1
MIRTAZAPINA 30MG COMP,MIRTAZAPINA,Mirtazapina,1
Deflazacort 30mg Cp.,DEFLAZACORTE,Deflazacort,1
ENTACAPONA COMPRIMIDO REVESTIDO 200MG ,Entacapona,Entacapona,1
Urbanil (clobazam) 10mg Comprimido,CLOBAZAM,Clobazam,1
PRADAXA 150MG 60 CAP,Dabigatrana,Dabigatrana,1
Lidocaína 50mg/g Pomada Bisnaga 25g Oralbase - Ems,LIDOCAINA (TOPICO),Lidocaína,1
FOSF. SODICO DE prednisoLONA 3MG/ML SOL. ORAL FR 60ML,PrednisoLONA,Prednisolona,1
Dose D 200 UI/gota Sol oral 20mL (Não Padrão),COLECALCIFEROL (VITAMINA D),Colecalciferol,1
Anestésico Colírio Fr 10ml,TETRACAINA + FENILEFRINA (OFTALMICO),Tetracaína,0
MPP:  PRISTIQ 100 MG,DESVENLAFAXINA,Desvenlafaxina,1
Bacitracina+Neomicina 15g bisnaga,NEOMICINA + BACITRACINA (TOPICO),"Bacitracina, Neomicina",1
Carvão ativado 10gr,CARVAO ATIVADO,Carvão ativado,1
"XGEVA 120MG AMP 1,7ML SC",DENOSUMABE,Denosumabe,1
TOPIRAMATO 25MG 60 CP REV NOVAQ GEN C1,TOPIRAMATO,Topiramato,1
POLIETILENOGLICOL 4000 S/ ELETROLITOS 10 GRAMAS,POLIETILENOGLICOL (MACROGOL),Polietilenoglicol 4000,1
SEVELAMER 800MG CPR,SEVELAMER,Sevelamer,1
Paracetamol 10mg/ml inj. bls 100ml,PARACETAMOL  (ACETAMINOFEM),Paracetamol,1
Claritin 10mg Comprimido,LORATADINA,Loratadina,1
OSELTAMIVIR 75MG COM,OSELTAMIVIR,Oseltamivir,1
RIVAROXABANA 15mg COMP - ALTA VIGILANCIA,RIVAROXABANA,Rivaroxabana,1
CLORETO DE POTASSIO 600 MG DRAGEA,CLORETO DE POTASSIO,Cloreto de Potássio,1
CLEXANE 80MG SC (MEDICAMENTO DE RISCO),ENOXAPARINA SODICA,Enoxaparina,1
"FENTANIL (CITRATO) 0,05MG/ML C/10ML INJ",FENTANILA,Fentanil,1
BUTILBROMETO DE ESCO.+DIPIRONA 10MG/ML SOL. ORAL FR 20ML,ESCOPOLAMINA + DIPIRONA,"Butilbrometo de Escopolamina, Dipirona",1
SULFAMETOXAZOL 400MG + TRIMETOPRIMA 80MG - COMPRIMIDO,SULFAMETOXAZOL+TRIMETOPRIMA,Sulfametoxazol + Trimetoprima,1
"TERLIPRESSINA 0,1MG/ML AMPOLA 8,5ML",TERLIPRESSINA,Terlipressina,1
DECADRON - COLIRIO,DEXAmetasona (OFTALMICo),Dexametasona,1
BACILLUS CLAUSII FLACONETE 5ML,BACILLUS CLAUSII,Bacillus clausii,1
Uni Haloper 5 Mg/ml Amp/1ml,HaloPERidol,Haloperidol,1
CLORIDRATO DE VERAPAMIL 80 mg,VERAPAMIL,Verapamil,1
MANITOL SOLUCAO 20% 250ML BL SANOBIOL,MANITOL,Manitol,1
CicloFOSFAMida 1000mg Inj.,ciclofosfamida,Ciclofosfamida,1
CETAMINA 50MG/ML AMPOLA 2 ML (MPP),CETAMINA,Cetamina,1
"Naloxona 0,4 mg/1 ml, amp 0,4mg/ml",NALOXONA,Naloxona,1
ETOMIDATO 20MG/10ML SOL INJ,ETOMIDATO,Etomidato,1
Quetiapina 50 mg comp (NÃO PADRONIZADO),QUEtiapina,Quetiapina,1
Rosuvastatina cálcica 20mg cp (NÃO PADRONIZADA),ROSUVASTATINA CALCICA,Rosuvastatina cálcica,1
DAPAGLIFLOZINA 10 MG,DAPAGLIFLOZINA,Dapagliflozina,1
CLORIDRATO DE TRAMADOL 50MG/ML - 2ML - SOLUÇÃO INJETÁVEL - VIA INTRAMUSCULAR OU ENDOVENOSA - AMPOLA,TRAMADOL CLORIDRATO,Tramadol,1
"METOPROLOL, TARTARATO 1 MG/ML SOLUCAO INJETAVEL AMPOLA 5 ML",METOPROLOL TARTARATO,Metoprolol,1
AmioDARONA 150MG/3ML AMP,AMIODARONA,Amiodarona,1
Sotalol 120mg Comprimido,Sotalol,Sotalol,1
MECLIN 25MG COMP (NP),MECLOZINA,Cloridrato de Meclizina,1
Ruxolitinibe 10 mg cp ,RUXOLITINIBE,Ruxolitinibe,1
PARACETAMOL GOTAS 200MG / ML,PARACETAMOL  (ACETAMINOFEM),Paracetamol,1
Cetamina 50mg/ml 10ml Fr/amp,CETAMINA,Cetamina,1
"HIDROXIETILAMIDO 130/0,4 - EV",Hidroxietilamido,Hidroxietilamido,1
AGUA DESTILADA 10ML AMPOLA,AGUA DESTILADA,Água destilada,1
MC: FORXIGA 10MG ,DAPAGLIFLOZINA,Dapagliflozina,1
HIDROXIETILAMIDO 6% (60 MG/ML) FR 500 ML (VOLUVEN),Hidroxietilamido,Hidroxietilamido,1
NISTATINA+OXIDO DE ZINCO POMADA,NISTATINA + OXIDO DE ZINCO (TOPICO),"Nistatina, Óxido de Zinco",1
"MORFINA 0,2 MG/1ML EV (MEDICAMENTO DE RISCO)",SULFATO DE MORFINA,Morfina,1
MEROPENEM 500MG - FR - AMP,MEROPENEM,Meropenem,1
DICLORIDRATO DE BETAISTINA 8 mg,BETAISTINA,Betaistina,1
"Butilbrometo de escopolamina 10mg, drágea (ORAL)",ESCOPOLAMINA (HIOSCINA),Butilbrometo de escopolamina,1
OCTREOTIDA 30 MG -  AMP,OCTREOTIDA,Octreotida,1
Toperma 5% Adesivo Transdermico Lidocaina 5%,LIDOCAINA (TOPICO),Lidocaina,1
MetoTREXATO 100 mg/mL,METOTREXATO,Metotrexato,1
SURFACTANTE ALFAPORACTANTO 80MG/ML SOL. INJETAVEL FA 3ML,ALFAPORACTANTO (SURFACTANTE),Alfaporactanto,1
EFFIENT 10MG 30 CP REV,Prasugrel,Prasugrel,1
EFEDrina SULFATO SOLUCAO INJETAVEL 50MG/ML 1ML  @,EFEDrina,Efedrina,1
Ampicilina 1000 mg po liofilo injetavel frasco/ampola ( Santa Casa ),AMPICILINA,Ampicilina,1
ALBUMINA HUMANA 20% MANIPULADA (PERIFERICA),ALBUMINA HUMANA,Albumina Humana,1
Alivium 100mg/ml (10gts/ml) 20ml,IBUPROFENO,Ibuprofeno,1
FENITOINA 50MG/ML (HIDANTAL),FENITOINA,Fenitoína,1
BIOCURON 4mg/2ml  amp 2 ml (Pancurônio),PANCURONIO,Pancurônio,1
Valsartana 80mg cp,VALSARTANA,Valsartana,1
TROPICAMIDA 1% (10MG/ML) SOLUCAO OFTALMICA,TROPICAMIDA,Tropicamida,1
DAPAGLIFLOZINA 10MG CPREV,DAPAGLIFLOZINA,Dapagliflozina,1
"CLONAZEPAM 0,5MG CP",CLONAZEPAM,Clonazepam,1
DEPURA 2.000UI 30CP,COLECALCIFEROL (VITAMINA D),Vitamina D3,1
SULFATO DE ZINCO 2.5 mg/mL,SULFATO DE ZINCO ,Zinco,1
ALOPURINOL 100 MG - COMP,AloPURinol,Alopurinol,1
Água Bidestilada Bolsa 100ml - Halex Istar #,AGUA DESTILADA,Água Bidestilada,1
DOMPERIDONA 1MG/ML SUSPENSAO ORAL DOSE 3 ML,DOMPERIDONA,Domperidona,1
"COLCHICINA 0,5MG - CP",Colchicina,Colchicina,1
DOMPERIDONA 10MG COMP,DOMPERIDONA,Domperidona,1
MPP:  PANCREATINA 25.000UI,PANCREATINA,Pancreatina,1
Mirtazapina 15mg Cp orodisp (Med. Controlado) ,MIRTAZAPINA,Mirtazapina,1
MC: EXELON PATCH 5 ,RIVASTIGMINA,Rivastigmina,1
Losartan Potássico 50 mg  cp,LOSARTANA,Losartan,1
"CLINDAMICINA 600MG - C/ 4ML + SF 0,9 % 100 ML",CLINDAMICINA,Clindamicina,1
SORO GLICOSADO 10% 1000ML,SOLUCAO DE GLICOSE (SORO GLICOSADO),Glicose,1
Coltrax 4mg (2mg/ml) Ampola 2ml,TIOCOLCHICOSIDEO,Tiocolchicosídeo,1
Quet XR 300mg Cp rev lib prolong (Med. Controlado) (Não Padrão),QUEtiapina,Quetiapina,1
SULFAMETOXAZOL + TRIMETOPRIMA (40MG + 8MG)/ML DOSE 5 ML,SULFAMETOXAZOL+TRIMETOPRIMA,Sulfametoxazol + Trimetoprima,1
Trometamol cetorolaco 5mg/ml Solução Oftálmica Frasco 5ml,CETOROLACO DE TROMETAMINA,Cetorolaco de Trometamol,1
NORAdrenalina 4MG/4ML AMP,NOREPINEFRINA (NORADRENALINA),Noradrenalina,1
OXIDO DE ZINCO USO TOPICO,OXIDO DE ZINCO,Óxido de Zinco,1
"Ropivacaína 7,5mg/ml (0,75%) 20ml Fr/amp",ROpivacaina,Ropivacaína,1
NAPROXENO 250MG - COMP,Naproxeno,Naproxeno,1
Fauldcispla 10mg/10mL Inj,CISPLATINA,Cisplatina,1
BACLOFENO 10MG - COMPRIMIDO,BACLOFENO,Baclofeno,1
"CEFEPIMA 2G PO P/SOL INJ + SF 0,9% 100ML",CEFEPIMA,Cefepima,1
"NATRILIX SR 1,5MG 30 CP C",Indapamida,Indapamida,1
SACCHAROMYCES BOULLARDI 200MG ENV,SACCHAROMYCES BOULARDII,Saccharomyces boulardii,1
Dipirona sodica 500mg/mL - 2mL,DipiRONA,Dipirona Sódica,1
TEMOZOLOMIDA 100MG VO QT,TEMOZOLOMIDA,Temozolomida,1
Aerolin 2mg Cp.,SALBUTAMOL (ALBUTEROL),Salbutamol,1
CILOSTAZOL 100MG COMPRIMIDO,Cilostazol,Cilostazol,1
"ENOXAPARINA SODICA 80 MG  SERINGA  0,8ML",ENOXAPARINA SODICA,Enoxaparina Sódica,1
Lidocaína 10% Spray Frasco 50ml,LIDOCAINA CLORIDRATO,Lidocaína,1
Losartana Potassica - Gen. Biosintetica 50 mg. 2 bl. x 14 cprs. rev.,LOSARTANA,Losartana Potassica,1
Amato 100mg Comprimido - C1,TOPIRAMATO,Topiramato,1
CUORE 75MG 28CP REV,CLOPIDOGREL,Ácido Acetilsalicílico,0
AMPICILINA  INTRAVENOS (AMPOLA 1GRAMA),AMPICILINA,Ampicilina,1
SORO FISIOLOGICO (NACL 0.9% 10 ML AMP),"CLORETO DE SODIO 0,9% (SORO FISIOLOGICO)",Cloreto de Sódio,1
Salbutamol 5mg/mL Gts Neb Fr 10mL - Aerolin,SALBUTAMOL (ALBUTEROL),Salbutamol,1
N-ACETILCISTEINA 600MG ENVELOPE,ACETILCISTEINA,N-Acetilcisteína,1
Decadron 2mg/1mL Sol inj,DEXAMETASONA,Dexametasona,1
VITAMINA COMPLEXO B DRG,VITAMINAS DO COMPLEXO B,Complexo B,1
"LEVOBUPIVACAINA 0,25%+ EPINEFRINA 20ML - AMP",LEVOBupivacaina,"Levobupivacaína, Epinefrina",1
Tramadol 100mg Comprimido de Liberação Controlada,TRAMADOL CLORIDRATO,Tramadol,1
IRINOTECANO 40MG FR - NP,IRINOTECANO,Irinotecano,1
Sildenafila 50mg Cp,SILDENAFILA,Sildenafila,1
PROPATILNITRATO COMPRIMIDO C/10MG,PROPATILNITRATO,Propatilnitrato,1
Lactobacillus acidophilus 3BI UFC + Lactobacillus paracasei 3BI UFC+ Lactobacillus bifidum 3BI UFC + Lactobacillus rhamnosos 2BI UFC Sol oral 100mL (Não Padrão),LACTOBACILLUS ACIDOPHILUS + LACTOBACILLUS CASEI + LACTOBACILLUS RHAMNOSUS + BIFIDOBACTERIUM LONGUM,"Lactobacillus acidophilus, Lactobacillus paracasei, Lactobacillus bifidum, Lactobacillus rhamnosos",0
TERIZIDONA CAPSULA GELATINOSA DURA 250MG MS,CICLOSERINA (TERIZIDONA),Terizidona,1
"LEUPRORRELINA ACETATO 22,5MG PO LIOFILIZADO",LEUPRORRELINA,Leuprorrelina,1
"AMOXICILINA+CLAV POT (250MG +62,5MG/ 5ML) SUSPENSAO",AMOXICILINA + CLAVULANATO POTASSIO,Amoxicilina + Ácido Clavulânico,1
LINEZOLIDA 2MG/ML SOLUCAO INJETAVEL BOLSA 300ML,LINEZOLIDA,Linezolida,1
"Psorex 0,5mg/g Creme 30g",CLOBETASOL (TOPICO),Betametasona,0
Esmolol 10mg/mL Inj. Frasco c/ 10mL,ESMOLOL,Esmolol,1
Imunoglobulina Humana 5 G 10 % (100 Mg/ml) Frasco C/ 50ml,IMUNOGLOBULINA HUMANA,Imunoglobulina Humana,1
"Clorexidina enxaguatório bucal 0,12% frasco 500mL",CLOREXIDINA,Clorexidina,1
Cetrolac 30 mg  amp 1 ml (Cetorolaco Trometamina) ,CETOROLACO DE TROMETAMINA,Cetorolaco Trometamina,1
Daxas 500mcg Comprimido Revestido,ROFLUMILAST,Roflumilaste,1
DEXMEDETOMIDINA 100MCG/ML 2ML-FR-AM,DEXMEDETOMIDINA,Dexmedetomidina,1
FENILEFRINA 10MG/ML AMP 1ML,FENILEFRINA,Fenilefrina,1
ALGINATO DE CALCIO E SODIO GEL,ALGINATO DE SODIO + ALINATO DE CALCIO (TOPICO),Alginato de Cálcio e Sódio,1
"Tocilizumabe 162mg Seringa Preenchida 0,9mL",TOCILIZUMABE,Tocilizumabe,1
Aciclovir 250mg INJ,ACICLOVIR,Aciclovir,1
AGUA DESTILADA 1.000ML (SOROTERAPIA),AGUA DESTILADA,Água destilada,1
SORO ANTIBOTROPICO,SORO ANTIBOTROPICO,Veneno de Bothrops,1
Isometepteno 30mg+cafeína 30mg+DipiRONA 300mg Drg,ISOMETEPTENO + DIPIRONA +CAFEINA,"Isometepteno, Cafeína, Dipirona",1
FAULDLEUCO (FOLINATO DE CALCIO) 50MG,FOLINATO DE CALCIO (ACIDO FOLINICO),Folinato de Cálcio,1
SULFAMETOXAZOL+TRIMETROPIMA (400MG+80MG) CPR,SULFAMETOXAZOL+TRIMETOPRIMA,Sulfametoxazol e Trimetropima,1
"ACIDO VALPROICO 250MG/5ML XAROPE DOSE 2,5 ML",ACIDO VALPROICO (VALPROATO DE SODIO),Ácido Valproico,1
Miflonide 400mcg Cap inal (Não Padrão),BUDESONIDA,Budesonida,1
CloNIDina 150mcg/ml Amp. 1ml,CLONIDINA,Clonidina,1
AMOXICILINA  500MG - CAPS,AMOXICILINA,Amoxicilina,1
"ENALAPRIL, MALEATO COMP 10MG",ENALAPRIL MALEATO,Enalapril,1
BCG 40MG - AMPOLA,BCG (CEPA VIVA ATENUADA),Bacilo de Calmette-Guérin,1
SINTEZYS 150MG 3 CP,IBANDRONATO DE SODIO,Clozapina,0
Fator VIII de Coagulação 500 UI Frasco-ampola + Diluente 5ml - Ministério da Saúde,FATOR VIII DE COAGULAÇAO,Fator VIII de Coagulação,1
Olimel N4E Bolsa 1000ml,POLIAMINOACIDOS + GLICOSE + EMULSAO LIPIDICA COM ELETROLITOS,"Aminoácidos, glicose, eletrólitos, lipídios",1
Annita 500 Mg Cp.,NITAZOXANIDA,Nitazoxanida,1
Dextrano+hipromelose Colírio 15ml,DEXTRANA + HIPROMELOSE (OFTALMICO),"Dextrano, Hipromelose",1
Paracetamol + Codeína 500/30mg Cp,CODEINA + PARACETAMOL (ACETAMINOFEM),"Paracetamol, Codeína",1
ERITROPOETINA HUMANA 4.000 UI 4000 UI,ALFAEPOETINA (ERITROPOETINA),Eritropoetina Humana,1
MORFINA SULFATO COMPRIMIDO 30MG @,SULFATO DE MORFINA,Morfina,1
Albendazol 400mg Cp. ,ALBENDAZOL,Albendazol,1
DASATINIBE 100MG (SESA),DASATINIBE,Dasatinibe,1
Renitec (enalapril)  20mg Comprimido,ENALAPRIL MALEATO,Enalapril,1
Pantoprazol 40mg cp,PANTOPRAZOL,Pantoprazol,1
BICARBONATO DE SODIO 1 mg + CLORETO DE POTASSIO 1 mg + CLORETO DE SODIO 1 mg + MACROGOL 1 mg,MACROGOL+BICARBONATO DE SODIO+CLORETO DE POTASSIO + CLORETO DE SODIO,"Bicarbonato de Sódio, Cloreto de Potássio, Cloreto de Sódio, Macrogol",1
NOVALGINA 300MG INFANTIL SUP,DipiRONA,Dipirona,1
Floratil  200mg Envelope,SACCHAROMYCES BOULARDII,Saccharomyces boulardii,1
ACIDO ACETILSALICILICO 100 MG - COMP,ACIDO ACETILSALICILICO <200MG,Ácido Acetilsalicílico,1
CETOCONAZOL + BETAMETASONA CREME 30G,CETOCONAZOL + BETAMETASONA  (TOPICO),"Cetoconazol, Betametasona",1
MIDAZOLAM 5MG/ML 10ML AMP,MIDAZOLAM,Midazolam,1
amioDARONA 50MG/ML 3ML AMP,AMIODARONA,Amiodarona,1
SIMETICONA 75 MG/ML FR 10 ML,SIMETICONA,Simeticona,1
Donaren 50mg Cp. Rev.,TRAZODONA,Trazodona,1
Atorvastatina 10mg Comprimido,ATORVASTATINA,Atorvastatina,1
Obinutuzumabe 1000 mg fr amp  ( Anticorpo monoclonal ),OBINUTUZUMABE,Obinutuzumabe,1
Soro Glicosado 5% 100mL [30532],SOLUCAO DE GLICOSE (SORO GLICOSADO),Glicose,1
FLUCONAZOL CAPSULA GELATINOSA DURA 150MG,FLUCONAZOL,Fluconazol,1
HIDROCLOROTIAZIDA 25MG/5L 50ML MANIPULADO,HIDROCLOROTIAZIDA,Hidroclorotiazida,1
METARAMINOL  INJETAVEL - 1 ML 10 MG/ML AMP,METARAMINOL,Metaraminol,1
METOPROLOL (TARTARATO) 10MG/ML 30 ML FR,METOPROLOL TARTARATO,Metoprolol,1
SULFAMETOXAZOL/TRIMETROPRIMA 800/160MG CP,SULFAMETOXAZOL+TRIMETOPRIMA,Sulfametoxazol e Trimetoprima,1
ALTEPLASE 50MG - FR AMP,ALTEPLASE,Alteplase,1
Micardis 80 Mg Cp,TELMISARTANA,Telmisartana,1
"Neostigmina 0,5mg/ml Ampola 1ml",NEOSTIGMINA,Neostigmina,1
Ceftazidima + Avibactam 2000mg+500mg Fr Amp,CEFTAZIDIMA + AVIBACTAM,Ceftazidima + Avibactam,1
SULFAMETOXAZOL + TRIMETOPRIMA 400 MG + 80 MG COMPRIMIDO,SULFAMETOXAZOL+TRIMETOPRIMA,Sulfametoxazol + Trimetoprima,1
Vaselina Sólida 30g,VASELINA,Vaselina,1
CLORIDRATO DE TIORIDAZINA 25 mg,TIORIDAZINA,Tioridazina,1
INFLIXimabe 10mg/mL,InFLIXimabe,Infliximabe,1
Imipra 25mg Cp rev (Med. Controlado) (Não Padrão),IMIPRAMINA,Imipramina,1
CEFUROXIMA SODICA 750MG FAM,CEFUROXIMA,Cefuroxima,1
AmiTRIPtilina 25MG COMP. (TRYPTANOL),AMITRIPTILINA,Amitriptilina,1
Salmeterol+Fluticasona 25+125mcg/jato spray,SALMETEROL + FLUTICASONA,Salmeterol e Fluticasona,1
CefTAZidima PO PARA SOLUCAO INJETAVEL 1G,CEFTAZIDIMA,Ceftazidima,1
AloPURinol 300 mg,AloPURinol,Alopurinol,1
BECLOMETASONA  SPRAY ORAL 50 MCG/JAT FR,beclometasona,Beclometasona,1
CIMETIDINA 150MG / ML  IM / IV,cimetidina,Cimetidina,1
CIPROFLOXACINO + HIDROCORTISONA COLIRIO FRASCO  - NP,ciprofloxacino + HIDROCORTISONA (otológico),"Ciprofloxacino, Hidrocortisona",1
"RASBURICASE 1,5MG PO FA",RASBURICASE,Rasburicase,1
DipiRONA 500MG CPR,DipiRONA,Dipirona,1
"SOLUCAO FISIOLOGICA 0,9% 500ML","CLORETO DE SODIO 0,9% (SORO FISIOLOGICO)",Cloreto de sódio,1
ACIDO ACETIL SAL INFAN 100MG 10 CP AV,ACIDO ACETILSALICILICO <200MG,Ácido Acetilsalicílico,1
Piemonte Env 4mg,MONTELUCASTE DE SODIO,Montelucaste,1
N-ACETILCISTEINA 20MG/1ML XAROPE PED,ACETILCISTEINA,N-Acetilcisteína,1
LAMOTRIGINA 100MG - COMPRIMIDO,LAMOTRIGINA,Lamotrigina,1
Fomblin Hcr 3% + Alantoína 1% + Óleo de Silicone 10%  Pote 100g Creme,CREME PROTETOR,"Fomblin Hcr, Alantoína, Óleo de Silicone",0
(NAO PADRAO) ACIDO VALPROICO 500MG COMPRIMIDO,ACIDO VALPROICO (VALPROATO DE SODIO),Ácido Valproico,1
"Isossorbida, Dinitrato 10mg Cp",ISOSSORBIDA,Dinitrato de Isossorbida,1
ALENIA 12/400 (01 CAPSULA DE 12/12 HORAS),FORMOTEROL + BUDESONIDA,Budesonida + Formoterol,1
PROPRANOLOL 40 MG - COMP,PROPRANOLOL,Propranolol,1
PERTUZUMABE+TRASTUZUMABE 600 MG + 600 MG SOL. INJ. - QT,PERTUZUMABE + TRASTUZUMABE,"Pertuzumabe, Trastuzumabe",1
"SOLUCAO DE DIALISE PERITONEAL 4,25% BOLS 6000ML",GLICOSE MONOHIDRATADA + LACTATO DE SODIO + CLORETO DE SODIO + CLORETO DE CALCIO DI-HIDRATADO + CLORETO DE MAGNESIO HEXAIDRATADO,Dextrose,0
VASOGARD 100MG 30 CP C,Cilostazol,Pentoxifilina,0
ANASTROLIBBS (ANASTROZOL) 1MG COMP,ANASTROZOL,Anastrozol,1
AMICACINA 500MG / 2ML,AMICACINA ,Amicacina,1
DOCETAXEL 20MG/ML,DOCETAXEL,Docetaxel,1
Medicamento do paciente (uso eventual) 06,MEDICAMENTO DO PACIENTE,"Desculpe, mas você não forneceu um nome específico de medicamento. Por favor, forneça o nome do medicamento para que eu possa identificar a substância ativa.",0
Corentel 10mg Cp rev (Importado) (Não Padrão),BISOPROLOL,Bisoprolol,1
PIRIMETAMINA 25 mg,PIRIMETAMINA,Pirimetamina,1
MC: METOPROLOL ( SELOZOK  25 ,METOPROLOL SUCCINATO,Metoprolol,1
BISACODIL 5 MILIGRAMAS,BISACODIL,Bisacodil,1
HIDROXIDO DE FERRO III 100 MILIGRAMAS (COMPRIMIDO),FERRIPOLIMALTOSE (FERRO HIDROXIDO SACARATO),Hidróxido de Ferro III,0
ANLODIPINO 5MG (NORVAX),ANLODIPINO,Amlodipino,1
DIPIRONA 500MG/ML SOLUCAO ORAL DOSE 13 GOTAS,DipiRONA,Dipirona,1
ERTAPENEM SODICO PO LIOFILO INJETAVEL 1G,ERTAPENEM,Ertapenem Sódico,1
FUROSEMIDA 40 mg,FUROSEMIDA,Furosemida,1
ACIDO ACETILSALICILICO COMP C/100MG,ACIDO ACETILSALICILICO <200MG,Ácido Acetilsalicílico,1
CiclosPORINA 25mg Cap,CiclosPORINA,Ciclosporina,1
N.P. - ESCITALOPRAM 10MG CP,ESCitalopram,Escitalopram,1
GLUTAMINA 5G - SACHÊ,GLUTAMINA,Glutamina,1
MALEATO DE ENALAPRIL 5 MILIGRAMAS (COMPRIMIDO),ENALAPRIL MALEATO,Enalapril,1
"Diluição MORFINA em CLORETO SODIO 0,9% 100ML (CONTINUO)",SULFATO DE MORFINA,Morfina,1
RPA METOCLOPRAMIDA 5MG/ML AMP.2ML(PLASIL) IV (ADULTO),METOCLOPRAMIDA,Metoclopramida,1
DIPIRONA 1000MG/2ML AMP,DipiRONA,Dipirona,1
SOROTERAPIA - GLICOSE 5% 500ML FR,SOLUCAO DE GLICOSE (SORO GLICOSADO),Glicose,1
"Dutasterida 0,5mg/mL + Tansulosina 0,4 mg/mL Sol oral 60mL (Não Padrão)",TANSULOSINA + DUTASTERIDA,"Dutasterida, Tansulosina",1
"AMICACINA, SULFATO 50MG/ML AMP 2ML",AMICACINA ,Amicacina,1
CISATRACURIO 10MG/5ML EV PED (MEDICAMENTO DE RISCO),CISATRACURIO,Cisatracurio,1
Tranexâmico Ácido 250mg Cp.,ACIDO TRANEXAMICO,Ácido Tranexâmico,1
MC: LEVETIRACETAM  10 ,LEVETIRACETAM,Levetiracetam,1
HidroCLOROtiazida - comprimido 25 mg,HIDROCLOROTIAZIDA,Hidroclorotiazida,1
Persantin 10mg/2ml Ampola 2ml,DIPIRIDAMOL,Dipiridamol,1
NitroGLICERINA 5MG/ML  5ML SOL.INJ CONCENTRADO - SOLUÇÃO,NitroGLICERINA,Nitroglicerina,1
SALIVA ARTIFICIAL FRS,SALIVA ARTIFICIAL,Carmelose Sódica,0
ESPIRONOLACTONA 25MG/ 5ML-100 ML,ESPIRONOLACTONA,Espironolactona,1
"Rivotril 0,5 mg comp (RQ) (Port344/98)",CLONAZEPAM,Clonazepam,1
"Pirimetamina, Cloridrato de 25mg Cpr",PIRIMETAMINA,Pirimetamina,1
Cálcio MDK,CARBONATO DE CALCIO+OXIDO DE MAGNESIO + MALTODEXTRINA + MENAQUINONA-7 (VITAMINA K2) + COLECALCIFEROL (VITAMINA D3) + ANTIUMECTANTE CELULOSE MICROCRISTALINA + ESTABILIZANTE CROSCARMELOSE SODICA + LUBRIFICANTE ESTEARATO DE MAGNESIO + DIOXIDO DE SILICIO,Cálcio,0
CRANBERRY 1 mg,CRANBERRY (CRANBERRIES),Cranberry,1
Tramadol 100mg Amp 2mL (50mg/mL),TRAMADOL CLORIDRATO,Tramadol,1
"Bexsero Susp inj 0,5mL",VACINA ADSORVIDA MENINGOCOCICA B (RECOMBINANTE),Meningococo B (recombinante),1
TRASTUZUMABE ENTANSINA 20MG/ML,TRASTUZUMABE,Trastuzumabe Entansina,1
"SOLUCAO CLORETO DE SODIO 0,9% 1000ML","CLORETO DE SODIO 0,9% (SORO FISIOLOGICO)",Cloreto de Sódio,1
LUITEINA 10 mg + ZEAXANTINA 2 mg,LUTEINA + ZEAXANTINA ,"Luteína, Zeaxantina",1
Diosmina+Hesperidina 50 mg/450 mg comp,DIOSMINA + HESPERIDINA,"Diosmina, Hesperidina",1
NITAZOXANIDA 20MG/1ML SUSPENSAO,NITAZOXANIDA,Nitazoxanida,1
"cloNIDina 0,1MG OU 100 MICROGRAMAS (ATENSINA)",CLONIDINA,Clonidina,1
CLORETO DE SODIO 0.9% - FRASCO 1000ML,"CLORETO DE SODIO 0,9% (SORO FISIOLOGICO)",Cloreto de Sódio,1
CefTAZidima 1G +  AD 10ML  EV BI/BS - CARDIOPED,CEFTAZIDIMA,Ceftazidima,1
MESNA 400MG/4ML AMP 4ML - PRIMEIRA DOSE,MESNA,Mesna,1
"Haloperidol 5 mg/1 ml, amp 5mg/ml",HaloPERidol,Haloperidol,1
PEMBROLIZUMABE,PEMBROLIZUMABE,Pembrolizumabe,1
"AloPURinol 100mg, comprimido (ORAL)",AloPURinol,Alopurinol,1
CLORETO DE SODIO 0.9% - AMP 10ML,"CLORETO DE SODIO 0,9% (SORO FISIOLOGICO)",Cloreto de Sodio,1
SEROQUEL 100MG CP,QUEtiapina,Quetiapina,1
Stugeron Comprimido 25mg,CINARIZINA,Cinarizina,1
HIDRALYTE 45 LARANJA 500ML FR NATULAB,CLORETO DE SODIO + CITRATO DE SODIO DIIDRATADO + GLICOSE + CITRATO DE POTÁSSIO MONOIDRATADO,Hidrato de Sódio,0
Cinarizina 25mg,CINARIZINA,Cinarizina,1
METOCLOPRAMIDA+SIMETICONA+PANCREAT.+PEPS. CPR,METOCLOPRAMIDA + SIMETICONA + PANCREATINA + PEPSINA,"Metoclopramida, Simeticona, Pancreatina, Pepsina",1
DOCEtaxel SOLUCAO INJETAVEL PRONTA PARA USO 20MG/ML 6ML##,DOCETAXEL,Docetaxel,1
"TERBUTALINA  0,5MG/ML AMPOLA 1ML",TERBUTALINA,Terbutalina,1
SUFentanila 50MCG/ML 1ML SOL.INJ,SUFENTANILA,Sufentanila,1
ACIDO FOLINICO 10MG/ML ENDOVENOSO,FOLINATO DE CALCIO (ACIDO FOLINICO),Ácido folínico,1
"BUpivacaina 0,5% s/v - 20mL",BUPIVACAINA,Bupivacaína,1
DENOSUMABE 60MG/ML 1ML SOL.INJ - QT,DENOSUMABE,Denosumabe,1
LevoTIROXina 88mcg Comprimido,LevoTIROXina,Levotiroxina,1
FERRONIL 40MG COMPRIMIDO,SULFATO FERROSO,Ferro,1
MC: RIVAROXABANA 1 ,RIVAROXABANA,Rivaroxabana,1
"(Do paciente ) Valsartana 80 mg + Hidroclorotiazida 12,5 mg cp",VALSARTANA +HIDROCLOROTIAZIDA,"Valsartana, Hidroclorotiazida",1
MC: RIVAROXABANA,RIVAROXABANA,Rivaroxabana,1
NiFEDipina AÇÃO RETARDADA 20 mg,NIFEDIPINO,Nifedipina,1
Alfaepoetina 10.000UI/mL Ser,ALFAEPOETINA (ERITROPOETINA),Alfaepoetina,1
Clopidogrel 75 mg  cp,CLOPIDOGREL,Clopidogrel,1
CicloFOSFAMida 50MG CPR,ciclofosfamida,Ciclofosfamida,1
MC: SOMALGIN 01CP ,ACIDO ACETILSALICILICO <200MG,Ácido acetilsalicílico,1
MESNA 400MG/4ML AMP 4ML - TERCEIRA DOSE,MESNA,Mesna,1
CIANOCOBOLAMINA (VIT B12) 1000MCG SOL INJ - AMP 1ML OU 2ML,CIANOCOBALAMINA (VITAMINA B12),Cianocobalamina,1
Benzetacil 1200.000 10 Fr,BENZILPENICILINA BENZATINA,Benzilpenicilina benzatina,1
"DIMENIDRATO 30MG,PIRIDOXINA 50MG DL 10ML-PED",DIMENIDRINATO + PIRIDOXINA(B6),"Dimenidrinato, Pridoxina",1
TACROLIMO 1MG CAPS (CEAF),TACROLIMO,Tacrolimo,1
Biperideno 5mg inj. amp. 1mL,BIPERIDENO,Biperideno,1
ANLODIPINA 5 MG CMP,ANLODIPINO,Amlodipina,1
Água Para Injetáveis - 500 mL,AGUA PARA INJECAO,Água,0
BACLOFENO 10 mg,BACLOFENO,Baclofeno,1
"SUPLEM. VITAMINICO (A, B1, B2, B5, B8, C, D, E) - SOL. ORAL",POLIVITAMINICO,"Vitaminas A, B1, B2, B5, B8, C, D, E",1
BECLOMETASONA 250MCG SPRAY,beclometasona,Beclometasona,1
Plenance EZE 20/10mg Cap (Não Padrão),EZETIMIBA + ROSUVASTATINA,Ezetimiba,0
"Nilperidol 0,05mg + 2,5mg/ml Ampola 2ml",FENTANILA + DROPERIDOL,Haloperidol,0
LEVOMEPROMAZINA SOL ORAL 40MG/ML FR 20ML,LEVOMEPROMAZINA (METOTRIMEPRAZINA),Levomepromazina,1
LAMOTRIGINA 100MG - COMPRIMIDO,LAMOTRIGINA,Lamotrigina,1
Actonel Comprimido Revestido 150mg,RISEDRONATO,Risedronato Sódico,1
DOXOrrubicina 50mg Fr/amp,DOXORRUBICINA  CLORIDRATO,Doxorrubicina,1
Ceftazidima + Avibactam (2g + 500mg) Fa.,CEFTAZIDIMA + AVIBACTAM,"Ceftazidima, Avibactam",1
Escopolamina 1mg Adesivo (Não Padrão),ESCOPOLAMINA (HIOSCINA),Escopolamina,1
Clortalidona 25mg Cp,CLORTALIDONA,Clortalidona,1
Fosfato de sodio monobasico + fosfato de sodio dibasico Sol.retal  Fr 130 mL (RQ),FOSFATO DE SODIO MONOBASICO MONOIDRATADO + FOSFATO DE SODIO DIBASICO HEPTAIDRATADO (RETAL),"Fosfato de sódio monobásico, Fosfato de sódio dibásico",0
BIPERIDENO 2MG - CP,BIPERIDENO,Biperideno,1
ELIQUIS 5 MG COMPRIMIDO,APIXABANA,Apixabana,1
IMUNOGLOBULINA HUMANA 50MG/ML (5%) FR 100ML,IMUNOGLOBULINA HUMANA,Imunoglobulina Humana,1
"Dexametasona 4mg/mL Injetável c/ 2,5mL",DEXAMETASONA,Dexametasona,1
Somalgin Cardio 325 Mg Cp.,ACIDO  ACETILSALICILICO + GLICINATO DE ALUMINIO +  CARBONATO DE MAGNESIO                                              ,Ácido Acetilsalicílico,0
TOPIRAMATO 25MG COMP REVESTIDO,TOPIRAMATO,Topiramato,1
[ N.P] CLORETO DE SODIO SOL INJ 20% AMP 10ML (MAV),"CLORETO DE SODIO 0,9% (SORO FISIOLOGICO)",Cloreto de Sódio,1
Avamys spray 1 frasco com 120 doses,FLUTICASONA,Fluticasona furoato,1
CEFTRIAXONA SODICA 1G (FRASCO AMPOLA) SC,CefTRIAXona,Ceftriaxona,1
MEDICAMENTO NAO PADRAO,MEDICAMENTO NAO PADRONIZADO,"Desculpe, mas não consigo fornecer a substância ativa para ""MEDICAMENTO NAO PADRAO"" porque isso não parece ser o nome de um medicamento específico. Por favor, forneça o nome correto do medicamento.",0
Budesonida 400 mcg caps c/inalador,BUDESONIDA,Budesonida,1
VANCOMICINA 500MG FR AMP - UTIN,VANCOMICINA CLORIDRATO,Vancomicina,1
FENITAL 50MG/ML-5ML AMP IV-FENITOINA,FENITOINA,Fenitoína,1
Oseltamivir 30mg Cap,OSELTAMIVIR,Oseltamivir,1
Adenosina 3mg/mL inj. ampola c/ 2mL,ADENOSINA,Adenosina,1
PANTOPRAZOL SODICO SESQUI-HIDRATADO 20 mg,PANTOPRAZOL,Pantoprazol,1
CefaLOTina 1G + AD 10ML - EV - NEO,Cefalotina,Cefalotina,1
"Carvedilol 3,125mg Cp",CarVEDilol,Carvedilol,1
CAPECITABINA 500MG CP REV,CAPECITABINA,Capecitabina,1
Lidocaína 1% s/ vasoconstritor inj. frasco-ampola c/ 20mL,LIDOCAINA CLORIDRATO,Lidocaína,1
ATORVASTATINA 3 mg + EZETIMIBA 5 mg,ATORVASTATINA + EZETIMIBA,"Atorvastatina, Ezetimiba",1
Tisseel Lyo - Kit 2ml ,FIBRINOGENIO+APROTININA+TROMBINA (TOPICO),Fibrinogênio e Trombina,0
Telmisartana 40mg Cp,TELMISARTANA,Telmisartana,1
AMPICILINA 1G - Infantil,AMPICILINA,Ampicilina,1
[MPP] VOLARE (ENOXAPARINA) 80MG,ENOXAPARINA SODICA,Enoxaparina,1
TRAStuzumabe DERUXTECANA 100mg Inj,TRASTUZUMABE,Trastuzumabe Deruxtecano,0
PROMETAZINA 25 MG COMPRIMIDO,PROMETAZINA,Prometazina,1
"Hioscina 20mg + dipirona 2,5g/5ml, amp",ESCOPOLAMINA + DIPIRONA,"Hioscina, Dipirona",1
MACROGOL+ASSOCIACOES ENVELOPE SABOR LIMAO 14G,MACROGOL+BICARBONATO DE SODIO+CLORETO DE POTASSIO + CLORETO DE SODIO,Macrogol,0
REGORAFENIBE 40MG VO QT,REGORAFENIBE,Regorafenibe,1
Nitrato de Prata 1% Colirio 3ml,NITRATO DE PRATA (OFTALMICO),Nitrato de Prata,1
AMICACINA 500MG/2ML - AMP,AMICACINA ,Amicacina,1
TIAMINA CLORIDRATO 100MG/ML   1ML,TIAMINA (VITAMINA B1),Cloridrato de Tiamina,1
"Gestinol 0,075mg/0,03mg Drágea",GESTODENO + ETINILESTRADIOL,Etonogestrel e Etinilestradiol,0
VALAciclovir 500mg Cp rev,VALACICLOVIR,Valaciclovir,1
MESALAZINA 2 g,MESALAZINA,Mesalazina,1
"CarVEDilol COMPRIMIDO 3,125MG",CarVEDilol,Carvedilol,1
Nitrato De Isoconazol 10mg/g + Valerato De Diflucortolona 1mg/g  Bisnaga 30g,NITRATO DE ISOCONAZOL + VALERATO DE DIFLUCORTOLONA (TOPICO),"Isoconazol, Diflucortolona",1
ACLASTA 5MG/100ML 1 FRASCO,ACIDO ZOLEDRONICO,Ácido zoledrônico,1
LIDOCAINA 25MG+PRILOCAINA 25MG CREME,LIDOCAINA + PRILOCAINA (TOPICO),"Lidocaína, Prilocaína",1
Hidroxietilamido + Cloreto De Sódio 6% Inj. Frasco C/ 500ml (voluven)*,HIDROXIETILAMIDO + CLORETO DE SODIO,Hidroxietilamido + Cloreto de Sódio,1
TRAStuzumabe 150MG - BI (MEDICAMENTO DE RISCO),TRASTUZUMABE,Trastuzumabe,1
Estudo Garden - Glenzocimabe/Placebo Frasco-Ampola (Pesquisa Clínica),GLENZOCIMABE,Glenzocimabe,1
DIAzepam 5mg Comprimido,DIAZEPAM,Diazepam,1
Puran T4 (levotiroxina) 25mcg Comprimido,LevoTIROXina,Levotiroxina,1
"Isossorbida, Monon 10mg/ml  Ampola 1ml",ISOSSORBIDA,Isossorbida Mononitrato,1
Tiossulfato de sódio 4% Inj 2mL,TIOSSULFATO DE SODIO,Tiossulfato de sódio,1
"Bicarbonato de sodio 8,4% 10 mL (84 mg/mL) 1 meq = 84 mg amp",BICARBONATO DE SODIO,Bicarbonato de sódio,1
"Bicarbonato de Sodio 8,4% solucao 84 mg/mL frasco 250 mL",BICARBONATO DE SODIO,Bicarbonato de Sódio,1
SERTRALINA 100MG,SERTRALINA CLORIDRATO,Sertralina,1
"Amicacina  250mg/mL 2mL, ampola (IM, IV)",AMICACINA ,Amicacina,1
PASTA D'AGUA+MENTOL E CANFORA 150G,PASTA D'AGUA + MENTOL E CANFORA,Mentol e Cânfora,0
DIMENIDRINATO+PIRIDOXINA CLORIDRATO  50+50MG 1ML IM,DIMENIDRINATO + PIRIDOXINA(B6),"Dimenidrinato, Piridoxina Cloridrato",1
INSULINA HUMANA NPH 100UI/ML FAM,INSULINA HUMANA NPH,Insulina Humana NPH,1
RIFAMP 75MG + ISONIAZ 50MG + PIRAZ 150MG - CP ORODISPERSIVEL,ETAMBUTOL + ISONIAZIDA + PIRAZINAMIDA + RIFAMPICINA,Rifampicina + Isoniazida + Pirazinamida,1
OXcarbazepina 60mg/mL Susp Oral - Trileptal,OXCARBAZEPINA,Oxcarbazepina,1
FLUCONAZOL CAPSULA C/100MG,FLUCONAZOL,Fluconazol,1
GENTAMICINA 80 MG AMP 2 ML,GENTAMICINA,Gentamicina,1
NOREPinefrina 1MG/ML- EV- BS - PED (MEDICAMENTO DE RISCO),NOREPINEFRINA (NORADRENALINA),Norepinefrina,1
Paracetamol 500mg Comprimido,PARACETAMOL  (ACETAMINOFEM),Paracetamol,1
LEVOFLOXACINA 500MG/100ML - EV - PED,LEVOFLOXACINO,Levofloxacina,1
Tridil 50 mg/10 mL amp (5 mg/mL) (RQ) (MPP),NitroGLICERINA,Nitroglicerina,1
"HEMITARTARATO DE RIVASTIGMINA 9,5 mg",RIVASTIGMINA,Rivastigmina,1
LORazepam 1 mg Cp.,LORAZEPAM,Lorazepam,1
LIDOCAINA 10% SOL. SPRAY TOPICO FR 50ML,LIDOCAINA (TOPICO),Lidocaína,1
HIDROXIDO MAGNESIO SUSPENSAO,HIDROXIDO DE MAGNESIO,Hidróxido de Magnésio,1
Prednisona 20mg Cp.,PredniSONA,Prednisona,1
SULFATO DE MAGNESIO 10% 10ML (MED. ALTO RISCO),SULFATO DE MAGNESIO,Sulfato de Magnésio,1
PALBOCICLIBE 125MG CAP  - QT,Palbociclibe,Palbociclibe,1
FINASTERIDA 5MG CP,FINASTERIDA,Finasterida,1
"Metoprolol, Succinato 50mg Cp Rev Lib Prolongada",METOPROLOL SUCCINATO,Metoprolol,0
CLORPROMAZINA 5MG/ML AMP 5 ML,ClorproMAZINA,Clorpromazina,1
"RIVOTRIL 0,5MG - CP",CLONAZEPAM,Clonazepam,1
Linezolida 600 mg  bolsa 300 ml,LINEZOLIDA,Linezolida,1
ANESTALCON - COLIRIO,PROXIMETACAINA (OFTALMICO),Cloridrato de Nafazolina + Maleato de Feniramina,0
MEROpenem 1G ,MEROPENEM,Meropenem,1
BISSULFATO DE CLOPIDOGREL 75 mg,CLOPIDOGREL,Clopidogrel,1
ACIDO TRANEXAMICO 250MG 5ML AMPOLA,ACIDO TRANEXAMICO,Ácido Tranexâmico,1
QUEtiapina 100 mg comprimido revestido,QUEtiapina,Quetiapina,1
Clozapina 100mg cp.,Clozapina,Clozapina,1
NiFEDipina 10mg cp,NIFEDIPINO,Nifedipina,1
"Cloreto De Sódio 0,9% 100ml | Solução Injetável","CLORETO DE SODIO 0,9% (SORO FISIOLOGICO)",Cloreto de Sódio,1
Lenalidomida 15mg Cap (Med. Controlado),LENALIDOMIDA,Lenalidomida,1
INDOMETACINA 25MG CAPSULA,INDOMETACINA,Indometacina,1
FENITOÍNA 100MG - COMPRIMIDO,FENITOINA,Fenitoína,1
Votrient 400mg Comprimido Revestido,PAZOPANIBE,Pazopanibe,1
NISULID 50MG/ML 15ML (300GOTAS) FR,Nimesulida,Nimesulida,1
Sugamadex 100mg/ml Amp 2ml,SUGAMADEX,Sugamadex,1
PAROXETINA 20MG (NAO PADRONIZADO),PAROXETINA,Paroxetina,1
Menelat 30mg Cp rev (Med. Controlado) (Não Padrão),MIRTAZAPINA,Mirtazapina,1
Cetoprofeno IV 100 mg  FA,CETOPROFENO,Cetoprofeno,1
MC: BISOPROLOL 5MG ,BISOPROLOL,Bisoprolol,1
Prednisona 5mg Cp. *,PredniSONA,Prednisona,1
PARACETAMOL 750MG - COMPRIMIDO,PARACETAMOL  (ACETAMINOFEM),Paracetamol,1
TRAMAL 50MG/ML AMP 1ML,TRAMADOL CLORIDRATO,Tramadol,1
"PAMIDRONATO DISSODICO 90MG + SF0,9% 250ML",PAMIDRONATO (ACIDO PAMIDRONICO),Pamidronato Dissódico,1
QUIMIOTERAPIA - BUSCOPAN COMPOSTO 5ML AMPOLA EV,ESCOPOLAMINA + DIPIRONA,Butilbrometo de escopolamina + dipirona sódica,1
Omeprazol 40mg Inj. ,OMEPRAZOL,Omeprazol,1
Metoprolol Tartarato 100mg Cp. Rev.,METOPROLOL TARTARATO,Metoprolol,0
Nivolumabe 10 mg/mL solucao 10 mL (100 mg/frasco-ampola ) ,NIVOLUMABE,Nivolumabe,1
CeFAZolina PO LIOFILO INJETAVEL 1G,CeFAZolina,Cefazolina,1
MetoTREXATO SOLUCAO INJETAVEL 100MG/ML 50ML##®,METOTREXATO,Metotrexato,1
ANTIRRABICO (SAR),IMUNOGLOBULINA ANTIRRABICA,Vírus rábico inativado,0
"Vick 44E (1,3+13,3)mg/mL Xpe 240mL (Não Padrão)",GUAIFENESINA + DEXTROMETORFANO,Dextrometorfano,0
ESCOPOLAMINA + DIPIRONA 5ML AMP,ESCOPOLAMINA + DIPIRONA,"Escopolamina, Dipirona",1
Neozine 100 Mg Cp.,LEVOMEPROMAZINA (METOTRIMEPRAZINA),Levomepromazina,1
Apresolina 25mg Drg. ,HidrALAZINA,Hidralazina,1
Dorzolamida 20mg/ml + Timolol 5mg/ml Solução Oftálmica Frasco 5ml,DORZOLAMIDA + TIMOLOL (OFTALMICO),"Dorzolamida, Timolol",1
Bactrin 400/80mg amp 5 ml (Sulfametoxazol 400 mg + Trimetoprima 80 mg),SULFAMETOXAZOL+TRIMETOPRIMA,Sulfametoxazol + Trimetoprima,1
MIRABEGRONA 50 mg,MIRABEGRONA,Mirabegrona,1
IMIPRAMINA 25MG COMPRIMIDO,IMIPRAMINA,Imipramina,1
VASopressina 20U Amp 1mL - Encrise,Vasopressina,Vasopressina,1
"Isossorbida, Mononitrato de 20mg CPR",ISOSSORBIDA,Mononitrato de Isossorbida,1
DOBUTAMINA 250MG/20ML - DILUIDO EM SF (MPP) - (UTIN),Dobutamina,Dobutamina,1
Acetato De Clostebol 5mg/g + Sulfato De Neomicina 5mg/g Creme Dermatológico 30g,CLOSTEBOL + NEOMICINA (TOPICO),"Acetato de Clostebol, Sulfato de Neomicina",1
HIPO HIDRATAÇÃO FISIOLÓGICA 500ML,"CLORETO DE SODIO 0,9% (SORO FISIOLOGICO)",Cloreto de Sódio,1
MC: CECLOR BD 500MG ,ACIDO ASCORBICO (VITAMINA C),Cefaclor,0
"PELARGONIUM SIDOIDES 307,39 mg/ml",PELARGONIUM SIDOIDES,Pelargonium Sidoides,1
AGUA OXIGENADA 10 VOL ALMOTOLIA,AGUA OXIGENADA,Peróxido de Hidrogênio,1
"Tecnomet 2,5mg Cpr.",METOTREXATO,Metformina,0
Bilyt 300mg Cp (Med. Controlado) (Não Padrão),CARBONATO DE LITIO,Bicalutamida,0
CEFADROXILA CAP 500MG,cefadroxila,Cefadroxila,1
TIOPENTAL 1G - FR-AMP,TIOPENTAL,Tiopental,1
LANSOPRAZOL CAPSULA,LANSOPRAZOL,Lansoprazol,1
"Alphagan P 0,15% 1,5mg/mL Sol oftálmica 5mL (Não Padrão)",BRIMONIDINA (OFTALMICO),Brimonidina,1
OXACILINA SÓDICA 500MG – PÓ LIOFILIZADO - FRASCO-AMPOLA,OXACILINA SODICA,Oxacilina Sódica,1
"Ampicilina + Sulbactam 1g + 0,5g  Po Liofizado frasco-ampola",AMPICILINA SODICA + SULBACTAM,Ampicilina + Sulbactam,1
SOROTERAPIA - AGUA BIDESTILADA SOL INJ FR 500ML,AGUA DESTILADA,Água Bidestilada,1
Micofenolato de mofetila 50mg (NÃO PADRONIZADO),MICOFENOLATO MOFETIL,Micofenolato de mofetila,1
HUMULIN REG 100UI/ML-10ML FR/AMP SC/IV/IM-INSULINA HUMANA,INSULINA REGULAR,Insulina Humana,1
FUROSEMIDA SOLUCAO 10MG/ML 100ML,FUROSEMIDA,Furosemida,1
CISATRACÚRIO 2MG/ML 5ML,CISATRACURIO,Cisatracúrio,1
"Oxacilina 500mg, injetável",OXACILINA SODICA,Oxacilina,1
Dolutegravir 5mg cp. revestido,DOLUTEGRAVIR,Dolutegravir,1
Simeticona 75mg/mL Gts ,SIMETICONA,Simeticona,1
"CLONAZEPAM 2,5MG/ML",CLONAZEPAM,Clonazepam,1
FENOFIBRATO 250MG CPR,FENOFIBRATO,Fenofibrato,1
MitoXANtrona 20mg Inj.,MITOXANTRONA,MitoXANtrona,1
Fluconazol 200mg (2mg/ml) Bolsa 100ml - Halex Istar,FLUCONAZOL,Fluconazol,1
SUCCINATO SODICO DE HIDROCORTISONA 500MG (AMPOLA),HIDROCORTISONA SUCCINATO SODICO,Hidrocortisona,0
Alteplase 50mg Injetavel,ALTEPLASE,Alteplase,1
sulfato FERROSO (60MG DE FERRO ELEMENTAR),SULFATO FERROSO,Ferro,1
AMIODARONA 150MG/3ML AMP (DOSE DE MANUTENCAO),AMIODARONA,Amiodarona,1
DipiRONA SOLUCAO INJETAVEL 500MG/ML 2ML,DipiRONA,Dipirona,1
Módulo Lactopró - Probiatop Sachê 1 G ( Lactobacillus ),LACTOBACILLUS PARACASEI + LACTOBACILLUS RHAMNOSUS + LACTOBACILLUS ACIDOPHILUS + BIFIDOBACTERIUM LACTIS,Lactobacillus,0
PREGABALINA 75MG CPR,PREGABALINA,Pregabalina,1
PRAVASTATINA 10 mg,PRAVASTATINA,Pravastatina,1
IBUPROFENO 50MG/ML SOL ORAL FR 30ML (ALIVIUM),IBUPROFENO,Ibuprofeno,1
AMOXICILINA+CLAVULANATO 500 + 125 MG COMPRIMIDO,AMOXICILINA + CLAVULANATO POTASSIO,Amoxicilina + Clavulanato,1
Topiramato 50mg cp,TOPIRAMATO,Topiramato,1
CETILPERIDINO 25MG/ML SOLUCAO COLUTORIA DOSE 10 ML,CLORETO DE CETILPIRIDINIO,Cetilpiridínio,1
"Onicit NVPO 0,075mg/1,5mL Sol inj",PALONOSETRONA,Palonosetron,1
AGUA BIDESTILADA FRASCO C/ 1000ML,AGUA DESTILADA,Água,1
CETUXimabe 5mg/mL,CETUXIMABE,Cetuximabe,1
VORICONAZOL 200MG,VORICONAZOL,Voriconazol,1
LEVOMEPROMAZINA COMPRIMIDOS,LEVOMEPROMAZINA (METOTRIMEPRAZINA),Levomepromazina,1
FLUoxetina 20 MG COMPRIMIDO,FLUOXETINA,Fluoxetina,1
Perindopril 4mg Cp (Não Padrão),PERINDOPRIL ARGININA (PERINDOPRIL ERBUMINA),Perindopril,1
AZITromicina 500 mg comprimido revestido,AZITROMICINA,Azitromicina,1
PANTOprazol 40mg Frasco-ampola #,PANTOPRAZOL,Pantoprazol,1
CARBOplatina 10mg/ml 15ml sol. Inj - QT,CARBOPLATINA,Carboplatina,1
PredniSONA 5mg Comprimido - Ems,PredniSONA,Prednisona,1
"ESCITALOPRAM, OXALATO COMPRIMIDO C/10MG",ESCitalopram,Escitalopram,1
Empagliflozina 10 Mg Cp,empagliflozina ,Empagliflozina,1
MC: AAS 81MG ,ACIDO ACETILSALICILICO <200MG,Ácido Acetilsalicílico,1
Aldomet 500 Mg Cp.,METILDOPA,Metildopa,1
IODETO DE POTASSIO 200MG - XAROPE  FR 100 ML,IODETO POTASSIO,Iodeto de Potássio,1
GLIMEPIRIDA 4MG 30 CP CIMED GEN,GliMEPIRida,Glimepirida,1
DIGOXINA 0.25MG CPR,DIGOXINA,Digoxina,1
BROMOPRIDA 5MG/ML 2ML CARRO EMERG AD 02 TERREO,BROMOPRIDA,Bromoprida,1
benzilpenicilina BENZATINA 1200000UI PO LIOFILIZADO FA,BENZILPENICILINA BENZATINA,Benzilpenicilina Benzatina,1
Água,AGUA PARA INJECAO,Água,0
Escopolamina 10 mg/mL fr 20 mL,ESCOPOLAMINA (HIOSCINA),Escopolamina,1
Xylestesin 10% Fr 50 Ml Spray ( Lidocaína ),LIDOCAINA CLORIDRATO,Lidocaína,1
Tetralysal 300mg Cápsula,Limeciclina,Limeciclina,1
COMPLEXO PROTROMBINICO PO LIOFILO INJETAVEL 500UI+DILUENTE 20ML,COMPLEXO PROTROMBINICO,Complexo Protrombínico,1
SINvastatina 40MG CP,SINVASTATINA,Sinvastatina,1
TERLIPRESSINA ACETATO 1MG FR-AMP,TERLIPRESSINA,Terlipressina,1
OXACILINA 500MG (FRASCO) IV,OXACILINA SODICA,Oxacilina,1
LACTOBACILLUS ACIDOPHILUS+RHAMNOSUS+BIFIDOBACTERIUM+POLIDEXTROSE 1 g,LACTOBACILLUS ACIDOPHILUS + RHAMNOSUS + BIFIDOBACTERIUM + POLIDEXTROSE,"Lactobacillus Acidophilus, Rhamnosus, Bifidobacterium, Polidextrose",1
FENOBARBITAL 100MG - COMPRIMIDO,FENOBARBITAL,Fenobarbital,1
"ESPIRAMICINA 1,5 MUI (500MG) COMPRIMIDO",ESPIRAMICINA,Espiramicina,1
CASSIA ANG.+CASSIA FIS.+TAMARIN.+CORIAN. CPR,CASSIA SENNA + CASSIA FISTULA + TAMARINDUS + CORIANDRUM + PERIANDRA,"Sene, Cássia e Tamarindo",0
METOCLOPRAMIDA 5MG/ML C/2ML INJ,METOCLOPRAMIDA,Metoclopramida,1
"BICARBONATO DE SODIO 8,4% SOL. P/ HEMODIALISE FR 6,2L",BICARBONATO DE SODIO,Bicarbonato de Sódio,1
CARBAMAZEPINA CR 400MG COMPRIMIDO,CARBAMAZEPINA,Carbamazepina,1
TRIANCINOLONA (ACETONIDA) 1MG/G,TRIANCINOLONA (TOPICO),Triancinolona Acetonida,1
Trometamina Cetorolaco Sl 10mg cp,CETOROLACO DE TROMETAMINA,Cetorolaco de Trometamina,1
MC: FORXIGA 1CPCEDO ,DAPAGLIFLOZINA,Dapagliflozina,1
Imunoglobulina Humana 5g (10%) Frasco 50ml,IMUNOGLOBULINA HUMANA,Imunoglobulina Humana,1
LEVOFLOXACINO 5MG/ML 150ML SOL.INJ,LEVOFLOXACINO,Levofloxacino,1
SULFATO DE AMICACINA 250MG/ML - 2ML (500MG) – SOLUÇÃO INJETÁVEL - AMPOLA,AMICACINA ,Amicacina,1
Lidocaina 2% C/V 20 ml FA,LIDOCAINA CLORIDRATO,Lidocaina,1
METFORMINA 850 MG - COMP,METFORMINA,Metformina,1
REGENCEL( ACIDO RETINOICO + ASSOCIACOES ) POMADA OFTALMICA,ACIDO RETINOICO (TRETINOINA),Ácido Retinoico,1
CLORIDRATO DE METOCLOPRAMIDA 5MG/ML - 2ML (10MG) – SOLUÇÃO INJETÁVEL - AMPOLA,METOCLOPRAMIDA,Metoclopramida,1
NORVASC 5MG CPR,ANLODIPINO,Amlodipina,1
FOSFATO POTASSICO 10ML (2 MEQ/ML) AMP,FOSFATO DE POTASSIO,Fosfato de Potássio,1
Linezolida 600mg/300mL Sol inj,LINEZOLIDA,Linezolida,1
Tridil 25mg Inj. Ampola C/ 5ml,NitroGLICERINA,Nitroglicerina,1
Delabaxi (delafloxaxino) 300mg ampola,DELAFLOXACINO,Delafloxaxino,0
Tetraciclina 500 Mg Cp.,Tetraciclina,Tetraciclina,1
"DEXAMETASONA 10MG/2,5ML",DEXAMETASONA,Dexametasona,1
ZOLTEC 150MG CAPS GEL-FLUCONAZOL,FLUCONAZOL,Fluconazol,1
Akineton 2mg Cp.,BIPERIDENO,Biperideno,1
"DEXAmetasona 4mg/ml Amp 2,5ml",DEXAMETASONA,Dexametasona,1
DECADRON 4MG COMPRIMIDO,DEXAMETASONA,Dexametasona,1
FENITOINA 100MG - COMPRIMIDO,FENITOINA,Fenitoína,1
CefaLOTina 1G SOL INJ EV,Cefalotina,Cefalotina,1
CETOCONAZOL 20MG/G CREME,CETOCONAZOL (TÓPICO),Cetoconazol,1
BEVAcizumabe 400mg/16ml Fr-Amp (Convenio),BEVACIZUMABE,Bevacizumabe,1
"NEOSTIGMINA (0,5MG/1ML) 0.5 mg/mL",NEOSTIGMINA,Neostigmina,1
Acido Epsilon AMINOcaproico 4G SOL INJ,ACIDO AMINOCAPROICO,Ácido Epsilon Aminocapróico,1
FentaNILA 250MCG/5ML AMP,FENTANILA,Fentanila,1
"Vasopressina 20 U/ml, amp 20UI/ml",Vasopressina,Vasopressina,1
BuPROPiona Cloridrato 150mg cp,BuPROPiona,Bupropiona,1
AMOXICILINA SUSP ORAL 250MG/5ML FR 150ML,AMOXICILINA,Amoxicilina,1
DIMORF 10 MG/ML AMP 1 ML,SULFATO DE MORFINA,Morfina,1
ALBENDAZOL 40MG/ML SUSP. ORAL,ALBENDAZOL,Albendazol,1
LEVOFLOXACINO 750MG/100ML BOLSA,LEVOFLOXACINO,Levofloxacino,1
Olmesartana 40mg + HidroCLOROTiazida 25mg Comprimido Revestido,OLMESARTANA+ HIDROCLOROTIAZIDA,"Olmesartana, Hidroclorotiazida",1
FAULDFLUOR 2500MG,FLUOROURACILA,Fluoreto de Sódio,0
Cinetol 5 Mg/ml Amp.,BIPERIDENO,Biperideno,1
fenoterol + ipratropio 0.05 + 0.02 mg/dose aerossol oral tubo 10mL,IPRAtropio +FENOTEROL,"Fenoterol, Ipratropio",1
"IMATINIB, MESILATO 100MG COMPRIMIDO - NP",IMATINIBE,Imatinib,1
CLINDAMICINA 600MG/4ML,CLINDAMICINA,Clindamicina,1
"Olmesartana 20mg + HidroCLOROTiazida 12,5mg Comprimido Revestido",OLMESARTANA+ HIDROCLOROTIAZIDA,"Olmesartana, Hidroclorotiazida",1
Monoetanolamina 50mg/mL inj. ampola c/ 2mL,OLEATO DE MONOETANOLAMINA,Monoetanolamina,0
"Clonazepam 20ml (2,5mg/ml) Gts",CLONAZEPAM,Clonazepam,1
"Lidocaína 50mg/g + Hidrocortisona Acetato 2,5mg/g + Alumínio 35mg/g + Óxido de Zinco 180mg/g Pomada Bisnaga 25g",LIDOCAINA + ACETATO DE HIDROCORTISONA + OXIDO DE ZINCO + SUBACETATO DE ALUMINIO (TOPICO),"Lidocaína, Hidrocortisona Acetato, Alumínio, Óxido de Zinco",1
IRRITRATIL 200MG 60 CAP,TRIMEBUTINA,Hidróxido de Alumínio,0
Lidocaína 10% Spray 50ml | Solução Tópica,LIDOCAINA (TOPICO),Lidocaína,1
INSULINA LISPRO DERIVADA-ADN RECOMBINAN 100 UI/ML-MED RISCO,INSULINA LISPRO,Insulina Lispro,1
Dolutegravir Sódico 50 mg cp  revest.,DOLUTEGRAVIR,Dolutegravir,1
Floratil 200mg/g Env 1g (Não Padrão),SACCHAROMYCES BOULARDII,Saccharomyces boulardii,1
"Fenobarbital 200mg/2ml, injetável IV",FENOBARBITAL,Fenobarbital,1
Sotalol 160mg Cp,Sotalol,Sotalol,1
FUROSEMIDA 10MG/ML - 2ML – SOLUÇÃO INJETÁVEL - VIA ENDOVENOSA OU INTRAMUSCULAR - AMPOLA,FUROSEMIDA,Furosemida,1
DEXAmetasona 2mg (2mg/ml) Ampola 1ml,DEXAMETASONA,Dexametasona,1
ALBENDAZOL 400MG COMPRIMIDO,ALBENDAZOL,Albendazol,1
MEPERIDINA 100MG 2ML (CLOR.) - AMP.,PETIDINA (MEPERIDINA),Meperidina,1
Acetilcisteina-n 600 Mg/5g Env,ACETILCISTEINA,Acetilcisteína,1
BuPROPiona 50mg Cap (Med. Controlado) (Não Padrão),BuPROPiona,Bupropiona,1
Enalapril 1mg/mL Sol oral 100mL (Não Padrão),ENALAPRIL MALEATO,Enalapril,1
"DIGOXINA 0,25MG - COMPRIMIDO SULCADO",DIGOXINA,Digoxina,1
ACIDOS GRAXOS ESSENCIAIS (AGE)+TCM+VIT A+VIT E SOL FR 20ML,ACIDOS GRAXOS + RETINOL (VITAMINA A) + TOCOFEROL (VITAMINA E) (TOPICO),"Ácidos Graxos Essenciais, Triglicerídeos de Cadeia Média, Vitamina A, Vitamina E",1
ERITROPOETINA SOL INJ 40000UI/ML SER SUBCUTANEO,ALFAEPOETINA (ERITROPOETINA),Eritropoetina,1
HIDROXIDO DE ALUMINIO 60MG/ML - SUSPENSAO - FRASCO 100ML,HIDROXIDO DE ALUMINIO,Hidróxido de Alumínio,1
DIAZEPAM 10MG (NP),DIAZEPAM,Diazepam,1
"MP - ADALImumabe 40mg/0,4ml Seringa",ADALImumabe,Adalimumabe,1
"Atrovent 0,25 Mg/ Ml Fr C/ 20 Ml ( Brometo de Ipratrópio )",IPRATROPIO,Brometo de Ipratrópio,1
SIMETICONA EMULSAO 75 MG / ML 15ML,SIMETICONA,Simeticona,1
SERETIDE FR SPRAY 25MCG/125MCG N.P.,SALMETEROL + FLUTICASONA,Salmeterol e Fluticasona,1
Cetuximab 100 mg/20 mL (Anticorpo Monoclonal),CETUXIMABE,Cetuximab,1
DIPROPIONATO DE BECLOMETASONA  - CLENIL SPRAY FR 250MCG N.P.,beclometasona,Dipropionato de Beclometasona,1
BENZOCAINA GEL 200 MG/G 12G (SABOR MENTA),BENZOCAINA,Benzocaína,1
"FLUMAZENIL 0,1MG / ML 5ML IV",FLUMAZENIL,Flumazenil,1
BENALET - PASTILHAS,DIFENIDRAMINA + AMONIO + CITRATO DE SODIO,"Difenidramina, Cloridrato de Amônio, Benzoato de Sódio",0
"CLORIDRATO DE NAFAZOLINA 0,5 mg/ml",NAFAZOLINA,Nafazolina,1
AMOXICILINA+CLAVULANATO DE POTASSIO 500+125 MG,AMOXICILINA + CLAVULANATO POTASSIO,Amoxicilina + Clavulanato de Potássio,1
Glicinato férrico + associações Susp oral 120mL,GLICINATO FERRICO + CIANOCOBALAMINA (VITAMINA B12) + DEXPANTENOL (VITAMINA B5) + NICOTINAMIDA + NITRATO DE TIAMINA (VITAMINA B1) + RIBOFLAVINA (VITAMINA B2),Glicinato férrico,0
CISPLATINA 1MG/ML 50ML FA,CISPLATINA,Cisplatina,1
Metilcelulose 2% soluçao oftalmica - fr 10mL 20 mg/mL,METILCELULOSE (OFTÁLMICO),Metilcelulose,1
Valproato de Sódio 500mg,VALPROATO DE SODIO,Valproato de Sódio,1
SULFATO FERROSO 300MG (60MG DE FERRO ELEMENTAR) DRAGEA NP,SULFATO FERROSO,Sulfato Ferroso,1
Omeprazol 40mg FA,OMEPRAZOL,Omeprazol,1
Ácidos Graxos Essenciais Loção Hidratante Bisnaga 30g,ACIDOS GRAXOS ESSENCIAIS (TOPICO),Ácidos Graxos Essenciais,1
LOSARTAN 50MG COMP,LOSARTANA,Losartan,1
Digedrat 200mg Cap (Não Padrão),TRIMEBUTINA,Metoclopramida,0
Hidro-beta-metil-butirato (hmb) 3g Sachê - Manipulado,METILBUTIRATO,Hidroxi-Metil-Butirato,1
TROPINAL SOL ML,ESCOPOLAMINA + DIPIRONA,Hioscina,1
Finasterida 5mg cp,FINASTERIDA,Finasterida,1
"DENOSUMABE SOLUCAO INJETAVEL 120MG/1,7ML##®",DENOSUMABE,Denosumabe,1
FENOBARBITAL (800MG/ 20ML) 40 mg/mL,FENOBARBITAL,Fenobarbital,1
AloPURinol 100MG,AloPURinol,Alopurinol,1
AZITromicina 500MG VO,AZITROMICINA,Azitromicina,1
ETOPOSIDO 100MG QT,ETOPOSIDEO,Etoposido,1
DEXTROCETAMINA 50MG/ML - F/A 10ML,DEXTROCETAMINA (ESCETAMINA),Dextroanfetamina,0
DIPIRONA 500 MG COMP,DipiRONA,Dipirona,1
DOPamina 50MG / 10ML 10ML (MED. ALTO RISCO),DOPamina,Dopamina,1
DIAZEPAM 10MG/2ML SOL INJ IV,DIAZEPAM,Diazepam,1
REMINIL ER 24 MG (NP),galantamina ,Galantamina,1
Uso Dom.: PERIVASC 1000MG,DIOSMINA + HESPERIDINA,Ácido Aminocapróico,0
TRASTUzumabe 600mg/5mL,TRASTUZUMABE,Trastuzumabe,1
Prontosan Solução 350 ml,POLI-HEXANIDA,Poliaminoácido e Undecilenamidopropil Betaína,0
"Clindamicina, cloridrato de, 300 mg ",CLINDAMICINA,Clindamicina,1
DipiRONA 500mg/mL Frasco 20mL | Solução Oral,DipiRONA,Dipirona,1
Lisodren (Mitotano) 500mg comprimido,MITOTANO,Mitotano,1
FENITOINA 100MG COMP (HIDANTAL),FENITOINA,Fenitoína,1
GANciclovir 1mg/mL Sol Inj 100mL (bolsa),GANCICLOVIR,Ganciclovir,1
Protamina 1000UI/mL - 5mL,PROTAMINA,Protamina,1
FENOTEROL 5MG/ML (SOL P/ NEBULIZAÇÃO) - FR 20ML,FENOTEROL,Fenoterol,1
ACIDO ACETILSALICILICO 100MG,ACIDO ACETILSALICILICO <200MG,Ácido Acetilsalicílico,1
DipiRONA  INJETAVEL 2 ML 500 MG/ML AMP,DipiRONA,Dipirona,1
FITOMENADIONA (VIT K) 10MG/ML 1ML - USO IM,FITOMENADIONA (VITAMINA K),Fitomenadiona,1
Pomalidomida 4mg Cápsula,POMALIDOMIDA,Pomalidomida,1
IODO POVIDONA 5% SOL OFTALMICA,IODOPOVIDONA (OFTALMICO),Iodo Povidona,1
Biperideno 5 mg/mL amp 1 mL (Port344/98),BIPERIDENO,Biperideno,1
"BICARBONATO DE SODIO 8,4% 10ML",BICARBONATO DE SODIO,Bicarbonato de Sódio,1
FENOBARBITAL  40MG / ML GTS,FENOBARBITAL,Fenobarbital,1
Flagyl Nistatina Creme Vaginal Bisnaga 50g,METRONIDAZOL + NISTATINA (TOPICO),"Metronidazol, Nistatina",1
Cefalexina 50mg/mL - 100mL,Cefalexina,Cefalexina,1
ACIDO ASCORBICO 100 MG/ML - 5ML (500 MG) - AMP,ACIDO ASCORBICO (VITAMINA C),Ácido Ascórbico,1
"Pegfilgrastim 6 mg solucao injetavel seringa 0,6 mL ",PEGFILGRASTIM,Pegfilgrastim,1
Levetiracetam 100 mg/mL sol. oral,LEVETIRACETAM,Levetiracetam,1
Dexalgen (Ampola I e II),DEXAMETASONA + DIPIRONA + HIDROXOCOBALAMINA,"Dexametasona, Cloridrato de Tiamina, Cloridrato de Piridoxina, Cianocobalamina",0
Sulfato Ferroso 40mg comprimido,SULFATO FERROSO,Ferro,0
[MPP] SOL. GLICOSE 75% AMP 10 ML,SOLUCAO DE GLICOSE (SORO GLICOSADO),Glicose,1
ACIDO TRANEXAMICO 50MG/ML - AMP 5ML,ACIDO TRANEXAMICO,Ácido Tranexâmico,1
CIPROFLOXACINO CLORIDRATO COMPRIMIDO REVESTIDO 500MG,CIPROFLOXACINO  ,Ciprofloxacino,1
"Cloreto de potassio 60 mg/mL (0,6 meq/mL) fr 150 mL",CLORETO DE POTASSIO,Cloreto de potassio,1
ESCOPOLAMINA 10MG + DIPIRONA 250MG - COMPRIMIDO,ESCOPOLAMINA + DIPIRONA,"Escopolamina, Dipirona",1
LIDOCAINA GELEIA 2%  5G(DOSADORA),LIDOCAINA (TOPICO),Lidocaína,1
"BRAVAN HCT 80MG/12,5MG 30 CP REV",VALSARTANA +HIDROCLOROTIAZIDA,Valsartana e Hidroclorotiazida,1
Terlipressina 1mg Frasco-ampola + Diluente Ampola 5ml,TERLIPRESSINA,Terlipressina,1
Protamina 1000ui/ml 5ml Amp,PROTAMINA,Protamina,1
OXCARBAZEPINA 300MG CP,OXCARBAZEPINA,Oxcarbazepina,1
CETOPROFENO 50 MG CAPSULA,CETOPROFENO,Cetoprofeno,1
"ELIQUIS 2,5MG 20 CP REV",APIXABANA,Apixabana,1
"CloNIDina 0,100mg cp.",CLONIDINA,Clonidina,1
"Fenoterol 0,5% FR 20 mL",FENOTEROL,Fenoterol,1
Succinato De Metoprolol 50mg Cp,METOPROLOL SUCCINATO,Metoprolol,0
Ciprofloxacino 500mg Cp.,CIPROFLOXACINO  ,Ciprofloxacino,1
metoclopramida 10 mg comprimido,METOCLOPRAMIDA,Metoclopramida,1
COBALAMINA CRONOATIVA 5 mg/mL,CIANOCOBALAMINA (VITAMINA B12),Cobalamina,1
Aciclovir 250MG SOL.INJ,ACICLOVIR,Aciclovir,1
COMPL. VITAM. A+B ADULTO - POLIVITAMINICOS,POLIVITAMINICO,Vitaminas A e B,1
Atorvastatina 10mg Comprimido,ATORVASTATINA,Atorvastatina,1
ASPARTATO DE ARGININA 500 mg,ARGININA,Aspartato de Arginina,1
ClorproMAZINA CLORIDRATO SOLUCAO ORAL 40MG/ML 20ML @,ClorproMAZINA,Clorpromazina,1
"SORO FISIOLOGICO 0,9% 500ML - SOROTERAPIA","CLORETO DE SODIO 0,9% (SORO FISIOLOGICO)",Cloreto de Sódio,1
Flutamida 250mg Cpr,FLUTAMIDA,Flutamida,1
"BETAmetasona 0,5mg/g + Gentamicina 1mg/g Creme Bisnaga 30g - Medley",GENTAMICINA + BETAMETASONA (TOPICO),"Betametasona, Gentamicina",1
HEMITARTARATO DE ZOLPIDEM 10 mg,ZOLPIDEM,Zolpidem,1
Antara EV (LevETIRAcetam) 100 mg/mL 5 mL INJETÁVEL,LEVETIRACETAM,Levetiracetam,1
Hidróxido de Alumínio + Magnésio + Simeticona Fr susp. 240 ml,HIDROXIDO DE ALUMINIO + HIDROXIDO DE MAGNESIO + SIMETICONA,"Hidróxido de Alumínio, Magnésio, Simeticona",1
Iressa 250 mg cp (QT),GEFITINIBE,Gefitinib,1
Ciprofloxacino 400mg Inj. Frasco C/ 200ml,CIPROFLOXACINO  ,Ciprofloxacino,1
Fenoterol 100mcg/dose Frasco 200doses/10mL Inalação Oral Aerosol,FENOTEROL,Fenoterol,1
QUETIAPINA 25 mg cpr,QUEtiapina,Quetiapina,1
TC HISC - SEVOFLURANO 1ML/ML SOLUCAO INALATORIA FR 250ML,SEVOFLURANO,Sevoflurano,1
ZOLPIDEM COMP 10MG,ZOLPIDEM,Zolpidem,1
Lokelma 5g Env (Não Padrão),CICLOSSILICATO DE ZIRCONIO SODICO,Saxagliptina,0
IRRITRATIL 200MG 30 CAP GELAT MOLE,TRIMEBUTINA,Butilbrometo de Escopolamina,0
LACTULONA 667MG/ML XAROPE 120ML FR,LACTULOSE,Lactulose,1
Ginkgo Biloba Comprimido 80mg,GINKGO,Ginkgo Biloba,1
Diclofenaco sódico 50mg Cp rev lib retard,DICLOFENACO SODICO,Diclofenaco sódico,1
"ESCOPOLAMINA 20MG + DIPIRONA 2,5G (BUSC.COMPOSTO)",ESCOPOLAMINA + DIPIRONA,"Escopolamina, Dipirona",1
Solução Glicofisiológico 1:1 Frasco 500ml,SOLUCAO GLICOFISIOLOGICA (CLORETO DE SODIO + GLICOSE),"Cloreto de sódio, glicose",1
Naropin 1% (10mg/ml) Ampola 20ml #,ROpivacaina,Ropivacaína,1
Agomelatina Comprimido Revestido 25mg,AGOMELATINA,Agomelatina,1
HEMI. DE NOREPinefrina 2MG/ML SOL. INJETAVEL AMP 4ML,NOREPINEFRINA (NORADRENALINA),Norepinefrina,1
Gabapentina 400mg Cap (Med. Controlado) (Não Padrão),GABAPENTINA,Gabapentina,1
DIAZEPAM 5MG/ML - AMP. 2ML (DIEMPAX) (ADULTO) - MPP,DIAZEPAM,Diazepam,1
DOCETAXEL,DOCETAXEL,Docetaxel,1
GABAPENTINA 300MG (MPP),GABAPENTINA,Gabapentina,1
Atenolol 25mg cpr,ATENOLOL,Atenolol,1
BENZILPENICILINA POTASSICA 5.000.000 UI - FA,BENZILPENICILINA POTASSICA (CRISTALINA),Benzilpenicilina Potássica,1
HIDROCORTISONA 100MG,HIDROCORTISONA SUCCINATO SODICO,Hidrocortisona,0
ACETATO DE TOCOFEROL (E)+COLECALCIFEROL(D)+ VIT A (PURAVIT),TOCOFEROL (VITAMINA E) + COLECALCIFEROL (VITAMINA D) + RETINOL (VITAMINA A)VITAMINA A,"Acetato de Tocoferol, Colecalciferol, Vitamina A",1
FUROSEMIDA 40MG CP,FUROSEMIDA,Furosemida,1
"AZTREONAM FA 1,0G PO INJ - AZANEM (NP)",AZTREONAM,Aztreonam,1
OSCAL (CARBONATO DE CALCIO) 500MG COMP,CARBONATO DE CALCIO,Carbonato de Cálcio,1
QT PREDNISONA 20 MG CPR,PredniSONA,Prednisona,1
NIMODIPINA 30 MILIGRAMAS (COMPRIMIDO),NiMODipino,Nimodipina,1
HIDROCORTISONA 1% CREME - 30G,ACETATO DE HIDROCORTISONA (TOPICO),Hidrocortisona,1
SALMETEROL + FLUTICASONA SPRAY 25/125MCG FR,SALMETEROL + FLUTICASONA,"Salmeterol, Fluticasona",1
Zetia 10mg Comprimido,EZETIMIBA,Ezetimiba,1
Euthyrox 175mcg Comprimido,LevoTIROXina,Levotiroxina sódica,1
Zolpiden 10mg Cp.,ZOLPIDEM,Zolpidem,1
(ALTA VIGILÂNCIA) GLUCONATO CALCIO 10% 10mL 100 mg/mL,GLUCONATO DE CALCIO,Gluconato de Cálcio,1
ACETILCISTEINA GRANULADO 600MG HDJB,ACETILCISTEINA,Acetilcisteína,1
CEFALEXINA 500MG CPR                      ,Cefalexina,Cefalexina,1
LEUPRORRELINA ACETATO PO LIOFILO INJETAVEL 45MG + SERINGA DILUENTE ##,LEUPRORRELINA,Leuprorrelina,1
MEROpenem 1g Frasco-ampola - ABL,MEROPENEM,Meropenem,1
"Proximetacaina 5,0mg/mL - 5mL (Anestalcon)",PROXIMETACAINA (OFTALMICO),Proximetacaina,1
Neozine (LevoMEPROmazina) 25mg Comprimido,LEVOMEPROMAZINA (METOTRIMEPRAZINA),Levomepromazina,1
"VENLAFAXINA 37,5mg COMP **",VENLAFAXINA ,Venlafaxina,1
"CLORETO DE SODIO 0,9% 250ML, SISTEMA FECHADO","CLORETO DE SODIO 0,9% (SORO FISIOLOGICO)",Cloreto de Sódio,1
"DIGOXINA 0,25 mg",DIGOXINA,Digoxina,1
SEVORANE,SEVOFLURANO,Sevoflurano,1
montelucaste 4 mg comprimido mastigavel,MONTELUCASTE,Montelucaste,1
Prostokos 25 mcg  cp vag,Misoprostol,Misoprostol,1
MEGAPEN 5.000.000 FR/AMP INTRAMUSCULAR,BENZILPENICILINA POTASSICA (CRISTALINA),Ampicilina,0
LIDOCAINA 2% S/V FR 20ML,LIDOCAINA CLORIDRATO,Lidocaína,1
NITROGLICERINA 25MG/5ML - SG - (DVA-MPP),NitroGLICERINA,Nitroglicerina,1
CefOTAXima 1000mg FA,CEFOTAXIMA,Cefotaxima,1
OXIDO DE ZINCO + NISTATINA 200MG+100.00UI/G POMADA 60G,NISTATINA + OXIDO DE ZINCO (TOPICO),Óxido de Zinco + Nistatina,1
VINORELBINA 30MG CAPS,TARTARATO DE VINORELBINA,Vinorelbina,1
LOTAR 5/100MG 30 CAP,ANLODIPINO + LOSARTANA,Losartana Potássica / Atenolol,0
ALENIA 12/400MCG,FORMOTEROL,Budesonida + Formoterol,1
OXALiplatina 100 mg fr amp (QT),OXALIPLATINA,Oxaliplatina,1
VACINA ABELHA (HIMENOPTEROS) - 1:10 (10 mcg/ml),VACINA ABELHA,Extrato de Abelha,1
CLORIDRATO DE PAPAVERINA 50MG/ML AMP 2ML,PAPAVERINA,Papaverina,1
CLENIL HFA 200 MCG,beclometasona,Beclometasona,1
Sucralfato 2g Flaconete 10ml,SUCRALFATO,Sucralfato,1
SOLUCAO INSULINA ENDOVENOSA,INSULINA HUMANA NPH,Insulina,1
Atenolol 25mg cp,ATENOLOL,Atenolol,1
MC: ETNA,CITIDINA  + URIDINA + HIDROXOCOBALAMINA,Etna,0
Mononitrato De Isossorbida 20mg Cp.,ISOSSORBIDA,Isossorbida,1
"CLONIDINA 0,1MG COMP",CLONIDINA,Clonidina,1
Benzoilmetronidazol 40mg/ml (25mg/ml de metronidazol) Fr. 80ml,BENZOILMETRONIDAZOL,Metronidazol,0
amOXICIlina (SODICA) PO P/ SUSP ORAL 250MG/5ML - FR 150ML,AMOXICILINA,Amoxicilina,1
Aciclovir 250 MG -  EV,ACICLOVIR,Aciclovir,1
SULPIRIDA 200 MG CMP,SULPIRIDA,Sulpirida,1
RIVAROXABANA 20  mg,RIVAROXABANA,Rivaroxabana,1
Ambrisentana 10mg Comprimido Revestido,AMBRISENTANA,Ambrisentana,1
ERITROMICINA 1G ,ERITROMICINA,Eritromicina,1
ALBENDAZOL SUSP ORAL (10ML) 40 mg/mL,ALBENDAZOL,Albendazol,1
QUEtiapina 25MG CPREV,QUEtiapina,Quetiapina,1
Azul de Metileno 2% (20mg/ml) Ampola 5ml - Manipulado,AZUL DE METILENO (CLORETO DE METILTIONINIO),Azul de Metileno,1
Fenitoina Sodica 50mg/ml Amp 5ml,FENITOINA,Fenitoína,1
EPINEFrina 1mg/mL - 1mL,ADRENALINA (EPINEFRINA),Epinefrina,1
METOCLOPRAMIDA INJETAVEL - 2 ML 5 MG/ML AMP,METOCLOPRAMIDA,Metoclopramida,1
DIPROPIONATO DE BECLOMETASONA 200MCG 200 DOSES FR10ML (NP),beclometasona,Dipropionato de Beclometasona,1
ALOPURINOL 300MG COMP,AloPURinol,Alopurinol,1
Divelol Comprimido 25mg,CarVEDilol,Carvedilol,1
IOXITALAMATO DE MEGLUBINA 300MG FR.50ML (TELEBRIX MEGLUBINA),IOXITALAMATO DE MEGLUMINA,Ioxitalamato de Meglubina,1
PIRIMETAMINA 25MG CP,PIRIMETAMINA,Pirimetamina,1
HIDRALAZINA 50 MG DRAGEA,HidrALAZINA,Hidralazina,1
RHODIOLA ROSEA 400 mg,RHODIOLA ROSEA,Rhodiola Rosea,1
CETOPROFENO 100MG IV - FR AMP,CETOPROFENO,Cetoprofeno,1
SulfADIAZINA DE PRATA 10MG/G CREME TUBO 50G,SULFADIAZINA DE PRATA (TÓPICO),Sulfadiazina de Prata,1
Doxopeg  20 mg/10 mL fr amp (QT),DOXORRUBICINA  CLORIDRATO,Doxorrubicina,1
BuPROPiona 150mg,BuPROPiona,Bupropiona,1
PROGRAF 5MG COMP - TACROLIMUS (NP),TACROLIMO,Tacrolimus,1
OMEPRAZOL 20MG,OMEPRAZOL,Omeprazol,1
"DUTAM 0,5MG + 0,4MG (NP)",TANSULOSINA + DUTASTERIDA,Dutasterida + Tansulosina,1
CEFALEXINA SUSP. ORAL 50 MG/ML FR,Cefalexina,Cefalexina,1
"Clorexidina Gluconato 0,12% Sol. Bucal Fr. 1000mL",CLOREXIDINA,Clorexidina Gluconato,1
NIFEDIPINA 10MG COMP,NIFEDIPINO,Nifedipina,1
Ticagrelor 90mg cp,TICAGRELOR,Ticagrelor,1
Depakene 50mg/ml Xarope Frasco 100ml - Dose,ACIDO VALPROICO (VALPROATO DE SODIO),Ácido valproico,1
MC: CILOSTAZOL 50MG ,Cilostazol,Cilostazol,1
Dexametasona 4mg Cp.,DEXAMETASONA,Dexametasona,1
CEFAZOLINA 1G (FRASCO AMPOLA) IV,CeFAZolina,Cefazolina,1
CARBAMAZEPINA 100MG/5ML P/ML SOL ORAL,CARBAMAZEPINA,Carbamazepina,1
LOPINAVIR 200 MG + RITONAVIR 50 MG 250 MG CMP,LOPINAVIR + RITONAVIR,Lopinavir + Ritonavir,1
Tramadol 100mg (Retard) ,TRAMADOL CLORIDRATO,Tramadol,1
Isordil SL 5 mg comp (RQ),ISOSSORBIDA,Isossorbida,1
NITROGLICERINA 5MG/ML 10ML INJ,NitroGLICERINA,Nitroglicerina,1
Bromoprida 4mg/ml Gotas Fr 20ml,BROMOPRIDA,Bromoprida,1
Pomada Lubrificante com Lanolina Tb. 5g,LANOLINA (TOPICO),Lanolina,1
MC: FUROSEMIDA 40MG ,FUROSEMIDA,Furosemida,1
LORazepam 2mg Cp (Med. Controlado) ,LORAZEPAM,Lorazepam,1
SORO GLICOSADO 5% 500 ML,SOLUCAO DE GLICOSE (SORO GLICOSADO),Glicose,1
CLOR. DE CEFEPIMA 1G PO LIOFILIZADO FA,CEFEPIMA,Cefepima,1
"Ecofilm 0,5% 5mg/mL Sol oftálmica 15mL (Não Padrão)",CARMELOSE SODICA(CARBOXIMETILCELULOSE SODICA) (OFTÁLMICO),Ecabet,0
"DEXAmetasona 0,1% CREME 10G BSN",DEXAmetasona (tópico),Dexametasona,1
CloNAZepam 2mg Cp,CLONAZEPAM,Clonazepam,1
LEXAPRO 10MG 60 CP REV C1,ESCitalopram,Escitalopram,1
CLORIDRATO DE DULOXETINA 30 MG,Duloxetina,Duloxetina,1
TARTARATO DE METOPROLOL 1MG/ML 5ML (5MG) - SOLUÇÃO INJETÁVEL - AMPOLA,METOPROLOL TARTARATO,Metoprolol,1
SIROLIMUS 2MG - DRAGEA,SIROLIMO,Sirolimus,1
"LEUPRORRELINA 3,75MG/ML",LEUPRORRELINA,Leuprorrelina,1
Glicose 10% Bolsa 1000ml - Beker,SOLUCAO DE GLICOSE (SORO GLICOSADO),Glicose,1
MPP:  LEVODOPA 100 MG + BENSERAZIDA 25 MG,LEVODOPA + BENSERAZIDA,Levodopa + Benserazida,1
DONEPEZILA 10 MG (NP),DONEPEZILA,Donepezila,1
Fauldfluor 2500mg (50mg/ml) Frasco-ampola 50ml,FLUOROURACILA,Fluorouracil,1
DUPIXENT 300MG 2 S PX2ML150MG/ML GELAD,DUPILUMABE,Dupilumabe,1
Placebo/Bemarituzumab 20mg/mL Sol inj 20mL (Pesquisa Clínica),BEMARITUZUMAB,Bemarituzumab,1
Topiramato 25mg Cp.,TOPIRAMATO,Topiramato,1
Enzyfor (Lactase) sachê ,LACTASE,Lactase,1
PERMANGANATO DE POTASSIO - COMPRESSAS SOLUCAO 1:10000,PERMANGANATO DE POTASSIO (TOPICO),Permanganato de Potássio,1
Oleo mineral Fr. 100mL,OLEO MINERAL,Óleo Mineral,1
"Alfast 0,544mg/ml Amp/5ml Inj.",ALfentanila,Alprostadil,0
ENOXAparina 40MG (ALTA VIGILÂNCIA),ENOXAPARINA SODICA,Enoxaparina,1
ARIPIPRAZOL 15 mg,ARIPIPRAZOL,Aripiprazol,1
CLINDAMICINA 600MG SOL. INJ.,CLINDAMICINA,Clindamicina,1
Ondansetrona 8 mg/4 mL amp,ONDANSETRONA,Ondansetrona,1
"CLORETO DE POTASSIO 19,1% EV BI - (MEDICAMENTO DE RISCO)",CLORETO DE POTASSIO,Cloreto de Potássio,1
"SORO FISIOLOGICO 0,9% 50ML","CLORETO DE SODIO 0,9% (SORO FISIOLOGICO)",Cloreto de Sódio,1
Dimorf 10mg Cp.,SULFATO DE MORFINA,Morfina,1
FITOMENADIONA 10 MG/ML SOLUCAO INJETAVEL AMPOLA 1 ML,FITOMENADIONA (VITAMINA K),Fitomenadiona,1
IMATINIBE 400MG CP,IMATINIBE,Imatinibe,1
Celestone Soluspan Ampola 1ml,ACETATO DE BETAMETASONA + FOSFATO DISSODICO DE BETAMETASONA,Betametasona,1
"HEPARINA  SODICA  SUB CUTANEA  0,25 ML 5000 UI AMP",Heparina,Heparina Sódica,1
Lasix Amp. 20 Mg/2 Ml ( Furosemida ),FUROSEMIDA,Furosemida,1
POLIMIXINA B 500.000UI,POLIMIXINA B SULFATO,Polimixina B,1
FLUNARIZINA 10MG COMP,FLUNARIZINA,Flunarizina,1
"ESCOPOLAMINA 6,67MG/ML+ DIPIRONA 333,4MG SOL.ORAL - FR 20ML",ESCOPOLAMINA + DIPIRONA,"Escopolamina, Dipirona",1
N-ACETILCISTEINA 600MG D ENV,ACETILCISTEINA,N-Acetilcisteína,1
Pamidronato 90 mg inj.,PAMIDRONATO (ACIDO PAMIDRONICO),Pamidronato,1
FERRO III 500MG 50MG/ML 10ML SOL.INJ FERRINJECT,FERRIPOLIMALTOSE (FERRO HIDROXIDO SACARATO),Ferro III,0
POLIMIXINA B 500.000UI (UTI - 3 FRASCOS AMPOLA/DOSE),POLIMIXINA B SULFATO,Polimixina B,1
Vancomicina 50mg/ml Colírio Fortificado Frasco 5ml - Manipulado,VANCOMICINA (OFTÁLMICO),Vancomicina,1
Brometo de N-butilescopolamina + Dipirona  amp 5 ml,ESCOPOLAMINA + DIPIRONA,"Brometo de N-butilescopolamina, Dipirona",1
"DOBUTAMINA 12,5MG/ML - AMP 20ML",Dobutamina,Dobutamina,1
MC: EDISTRIDE 10 ,DAPAGLIFLOZINA,Empagliflozina,0
Cefuroxima Axetil 500mg cp,AXETILCEFUROXIMA,Cefuroxima Axetil,1
NICOTINA 21MG ADESIVO,NICOTINA (TRANSDERMICO),Nicotina,1
Diclofenaco sódico 25mg/mL inj. ampola c/ 3mL,DICLOFENACO SODICO,Diclofenaco sódico,1
"DOBUTAMINA 250MG/20ML INJ + SF 0,9% 250ML",Dobutamina,Dobutamina,1
BROMOPRIDA 10MG/2ML AMP 2ML,BROMOPRIDA,Bromoprida,1
"DEXAMETASONA 0,1% CREME BISNAGA 10G",DEXAmetasona (tópico),Dexametasona,1
Biotina 10mg/mL Sol oral 30mL (Não Padrão),BIOTINA (VITAMINA B7),Biotina,1
CAPTOPRIL 25 MG COMPRIMIDO,CAPTOPRIL,Captopril,1
Cetoprofeno 50mg caps,CETOPROFENO,Cetoprofeno,1
"Acetato de Fludrocortisona 0,1mg cp",FLUDROCORTISONA,Fludrocortisona,1
MISOPROSTOL 25MCG - COMPRIMIDO VAGINAL,Misoprostol,Misoprostol,1
MICAFUNGINA 100MG,MICAFUNGINA,Micafungina,1
DIAZEPAM 10MG - COMP,DIAZEPAM,Diazepam,1
Racecadotrila 30mg Sache,RACECADOTRILA,Racecadotrila,1
FLUCONAZOL 200 MG FR 100 ML,FLUCONAZOL,Fluconazol,1
Vaselina Pomada 20g,VASELINA,Vaselina,1
MC: BACTRIM 40080MG ,SULFAMETOXAZOL+TRIMETOPRIMA,Sulfametoxazol e Trimetoprima,1
LEVEMIR FlexPen 100 UI/mL Sol inj 3mL (caneta) (Alta Vigilância),INSULINA DETEMIR,Insulina detemir,1
SACARATO OXIDO FERRICO (100MG Ferro elementar)  AMP 5ML 20 mg/mL,FERRIPOLIMALTOSE (FERRO HIDROXIDO SACARATO),Sacarato de óxido férrico,1
Nitrofurantoína 100mg Cp,NITROFURANTOINA,Nitrofurantoína,1
PYLORIPAC 14 BLISTER,CLARITROMICINA + AMOXICILINA + LANSOPRAZOL,"Clarithromycin, Amoxicilina, Lansoprazol",1
Combiron Gotas Fr. 30mL,GLICINATO FERRICO + CIANOCOBALAMINA (VITAMINA B12) + DEXPANTENOL (VITAMINA B5) + NICOTINAMIDA + NITRATO DE TIAMINA (VITAMINA B1) + RIBOFLAVINA (VITAMINA B2),Ferro + Ácido Fólico,0
"MOXifloxacino, CLORIDRATO DE 400MG/250ML - EV",MOXIFLOXACINO,Moxifloxacino,1
"CLONAZEPAM 2,5 MG/ML FR (RIVOTRIL)",CLONAZEPAM,Clonazepam,1
"Deltametrina 0,2mg/mL -100mL Loção",DELTAMETRINA (TOPICO),Deltametrina,1
Resolor 1mg Comp. Revestido,PRUCALOPRIDA,Prucaloprida,1
CETAMINA (dextrogira)/ESCETAMINA EV/IM AMP 10ML 50 mg/mL,CETAMINA,Cetamina,1
TIOSSULFATO DE SODIO SOLUCAO INJETAVEL 250MG/ML (25%) 10ML ,TIOSSULFATO DE SODIO,Tiossulfato de Sódio,1
"DEXAMETASONA 4MG/ML 2,5ML AMP EUROFARMA             ",DEXAMETASONA,Dexametasona,1
Cranberry 500mg Cap (Não Padrão),CRANBERRY (CRANBERRIES),Cranberry,1
Fenitoina 20mg/mL 60mL FR gotas (manipulado),FENITOINA,Fenitoína,1
MORFINA 30 MG COMPRIMIDO *NP,SULFATO DE MORFINA,Morfina,1
CARBONATO DE LÍTIO 300 MG COMP,CARBONATO DE LITIO,Carbonato de Lítio,1
METOPROLOL SUCCINATO 50 MG CMP,METOPROLOL SUCCINATO,Metoprolol,1
HIDRATACAO S.G. 5% 250ML+NACL10%+KCL10%+GLUC.CA10%+GLIC.50%,CLORETO DE POTASSIO + CLORETO DE MAGNESIO + CLORETO SODIO + GLICONATO DE SODIO + ACETATO DE SODIO,"Soro glicosado, cloreto de sódio, cloreto de potássio, gluconato de cálcio, glicerol",0
DEXTROCETAMINA 50MG/ML SOL INJ EV 2ML,DEXTROCETAMINA (ESCETAMINA),Dextrocetamina,1
VARFARINA SÓDICA 5MG CP,VARFARINA SODICA,Varfarina Sódica,1
CEFEPIMA 1G/10ML FA (MAXCEF) (INFANTIL)ENDOVENOSO,CEFEPIMA,Cefepima,1
Doxazosina 2 mg cpr,DOXAZOSINA,Doxazosina,1
IMAtinibe 400 mg cap (QT),IMATINIBE,Imatinibe,1
Omnaris 50mcg/dose Susp nasal spray (120 doses) (Não Padrão),CICLESONIDA,Ciclesonida,1
MIDAZOLAM SOLUCAO INJETAVEL 5MG/ML 3ML @,MIDAZOLAM,Midazolam,1
MEROPENEM 1G - Infantil,MEROPENEM,Meropenem,1
"AFLIBERCEPTE 40MG/ML 0,05 ML INTRAVITRIA",AFLIBERCEPTE,Aflibercepte,1
Ácido Tranexâmico 250mg Comprimido  - Ems,ACIDO TRANEXAMICO,Ácido Tranexâmico,1
SOLUCAO PURA DE PROPOFOL (10MG/ML) - MPP,PROPOFOL,Propofol,1
Vitamina do complexo B - Drageas,VITAMINAS DO COMPLEXO B,Complexo de Vitaminas B,1
Adiloz 600mg Cpr Rev,LINEZOLIDA,Ibuprofeno,0
ACEBROFILINA 50MG/5ML SOLUÇÃO ORAL,AMBROXOL (ACEBROFILINA),Acebrofilina,1
Amoxicilina 250mg/5ml Susp. Oral Frasco C/ 150ml *,AMOXICILINA,Amoxicilina,1
OLEO DE GIRASSOL 2% - 50GR - NP,OLEO DE GIRASSOL (TOPICO),Óleo de Girassol,1
UTROGESTAN (PROGESTERONA) 200MG COMP,PROGESTERONA,Progesterona,1
MEDICAMENTO NAO CADASTRADO  ,MEDICAMENTO NAO CADASTRADO,"Não é possível identificar a substância ativa, pois o medicamento não está cadastrado.",1
ANFORTERICINA B 50MG - PÓ PARA SOLUÇÃO INJETÁVEL - VIA ENDOVENOSA - FRASCO AMPOLA,ANFOTERICINA B DESOXICOLATO (NORMAL),Anfotericina B,1
SORO RINGER LACTATO C/ 500ML (SOROTERAPIA),(RINGER LACTATO) CLORETO DE SODIO+CLORETO DE POTASSIO+CLORETO DE CALCIO+LACTATO DE SODIO,Lactato de Ringer,1
"Isossorbida, dinitrato 10mg cp.",ISOSSORBIDA,Dinitrato de isossorbida,1
DISFOSTATO DE CLOROQUINA 150MG COMP,CLOROQUINA,Cloroquina,1
(Do paciente ) Espironolactona 100 mg cap,ESPIRONOLACTONA,Espironolactona,1
SUPOSITORIO DE GLICERINA ADULTO,GLICERINA (RETAL),Glicerina,1
"Gyno Iruxol 0,6 UI/g + 10 mg/g Pomada Ginecológica Bisnaga 30g",COLAGENASE+CLORANFENICOL (TOPICO),Colagenase + Cloranfenicol,1
DULoxetina 30mg/ml - Frasco 30ml - Manipulado,Duloxetina,Duloxetina,1
VALIUM 10MG 30 CP B1,DIAZEPAM,Diazepam,1
"Guaco herbarium 0,5mL/5mL Xpe 120mL (Não Padrão)",MIKANIA GLOMERATA,Extrato de Guaco,1
ALBUMINA HUMANA 20% 50ML IV,ALBUMINA HUMANA,Albumina Humana,1
GANciclovir 500 mg fr/amp,GANCICLOVIR,Ganciclovir,1
Lenvima 4mg Cápsula Dura,LENVATINIBE,Lenvatinibe,1
DimeniDRINATO IM 50MG+ VIT B6 50MG AMP 1ML  ,DIMENIDRINATO + PIRIDOXINA(B6),Dimenidrinato,1
TRAStuzumabe 440MG SOL. INJ,TRASTUZUMABE,Trastuzumabe,1
AMPICILINA PO PREPARACAO EXTEMPORANEA 50MG/ML 60ML,AMPICILINA,Ampicilina,1
"MitoMIcina 0,03% Frasco-ampola",MITOMICINA,Mitomicina,1
LORazepam 1mg Cap (Med. Controlado) (Não Padrão),LORAZEPAM,Lorazepam,1
Cardizem SR 90mg Cápsula de Liberação Prolongada,DILTIAZEM,Diltiazem,1
"FOSFATO TRIBASICO DE CALCIO 12,9% 100ML ",FOSFATO DE CALCIO TRIBASICO + COLECALCIFEROL,Fosfato Tribásico de Cálcio,0
TIGECICLINA 50MG/5ML PO LIOFILIZADO FR AMP,TIGECICLINA,Tigeciclina,1
CLOR.METFORMINA 500MG 30CP PRATI GEN,METFORMINA,Metformina,1
CETAMINA SOL INJ 500MG/10ML,CETAMINA,Cetamina,1
AMPICILINA CAPSULA 500 mg,AMPICILINA,Ampicilina,1
"FENTANILA 0,5 MG - AMPOLA 10ML SEM CONSERVANTE",FENTANILA,Fentanila,1
Fitoscar 60mg/g Pomada Bisn. 50g,STRYPHNODENDRON ADSTRINGENS,Centella asiatica,0
ALPROSTADIL 20 MCG/ML 1ML AMP,ALPROSTADIL (PROSTAGLANDINA E1),Alprostadil,1
CEFAZOLINA 1G FR AMP - UTIN,CeFAZolina,Cefazolina,1
MONOCORDIL 40MG CP,ISOSSORBIDA,Mononitrato de Isossorbida,1
"Candesartana Cilexetila 16mg + hidroCLOROTiazida 12,5mg Comprimido",CANDESARTANA + HIDROCLOROTIAZIDA,"Candesartana Cilexetila, Hidroclorotiazida",1
LOSARTANA 50 MG COMPRIMIDO,LOSARTANA,Losartana,1
Fosfato Dissodico de Dexametasona 2mg/ml 1ml,DEXAMETASONA,Dexametasona,1
CLORIDRATO DE PROMETAZINA COMP C/25MG,PROMETAZINA,Prometazina,1
SOLUCAO HEPARINA (50UI/mL) - 100mL  ALTA VIGILANCIA,Heparina,Heparina,1
Coltrax 4mg/2ml  amp 2 ml,TIOCOLCHICOSIDEO,Tiocolchicosídeo,1
BROMAZEPAM 3MG CP,BROMAZEPAM,Bromazepam,1
Hidantal 100mg Comprimido,FENITOINA,Fenitoína,1
AGUA BIDESTILADA AMP 10 ML,AGUA DESTILADA,Água bidestilada,1
METOPROLOL (TARTARATO) 10MG/ML 30 ML FR,METOPROLOL TARTARATO,Metoprolol,1
MPP:  TEGRETOL 200MG (CARBAMAZEPINA),CARBAMAZEPINA,Carbamazepina,1
Solução Fosfato Para Preparo Intestinal Frasco 45ml - Manipulado,FOSFATO DE SODIO,Fosfato de sódio,1
Morfina Sulfato 10mg Injetavel - Ampola Com 1ml,SULFATO DE MORFINA,Morfina,1
Albendazol 400mg comprimido,ALBENDAZOL,Albendazol,1
AnLODIPina 5mg cp,ANLODIPINO,Anlodipina,1
MEDICAMENTO DO PACIENTE,MEDICAMENTO DO PACIENTE,"Desculpe, mas você não forneceu o nome de um medicamento específico. Por favor, forneça o nome de um medicamento para que eu possa identificar a substância ativa mais provável.",0
"EXElon Patch 15cm (13,3mg/24h) Adesivo (Med. Controlado)",RIVASTIGMINA,Rivastigmina,1
EMULSAO AGAR-AGAR 50ML,AGAR-AGAR,Agar-Agar,1
BROM. DE ROCURONIO 10MG/ML SOL. INJETAVEL FA 10ML,ROCURONIO,Rocurônio,1
Norvasc 5mg Cp (Não Padrão),ANLODIPINO,Amlodipina,1
Deflazacorte 6mg Cp,DEFLAZACORTE,Deflazacorte,1
ARIPIPRAZOL COMPRIMIDO 10MG @,ARIPIPRAZOL,Aripiprazol,1
LEVOTIROXINA SODICA 50MCG/1ML SUSPENSAO,LevoTIROXina,Levotiroxina Sódica,1
"IODOPOVIDONA 2,5% COLÍRIO 5ML 25 MG/ML FR",IODOPOVIDONA (OFTALMICO),Iodopovidona,1
HIDROXIZINA CLORIDRATO 2MG/ML 120ML XAROPE,HIDROXIZINA,Hidroxizina,1
"TERLIPRESSINA  5 ML ,2 MG/ML FRA",TERLIPRESSINA,Terlipressina,1
BUDESONIDA  50MCG AEROSOL ORAL,BUDESONIDA,Budesonida,1
"FLUMAZENIL 0,1 MG/ML 5 ML (0,5 MG) - AMP",FLUMAZENIL,Flumazenil,1
Valsartan potássico 160mg cp. (NÃO PADRONIZADO),VALSARTANA,Valsartan,1
(Do paciente) Mesalazina 500 mg supositório,MESALAZINA,Mesalazina,1
Venlafaxina 150mg  Cápsula De Liberação Prolongada,VENLAFAXINA ,Venlafaxina,1
"PIPERACILINA+TAZOBACTAM 4G+0,5G SOL.INJ",PIPERACILINA + TAZOBACTAM,Piperacilina Tazobactam,1
CLORETO DE POTASSIO 10% 10ML,CLORETO DE POTASSIO,Cloreto de Potássio,1
Ferinject 50mg/ml Ampola 10ml Inj.,CARBOXIMALTOSE FERRICA,Ferricarboximaltose,1
