medicamento,substancia_correta,llm_response
"Akynzeo (300mg + 0,56mg) Cáp.",NETUPITANTO + PALONOSETRONA,Netupitanto + Palonosetrona
 ACIDO ASCORBICO 1G EFERVESCENTE (VITAMINA C),ACIDO ASCORBICO (VITAMINA C),Ácido Ascórbico
Optiray 350 Sol inj 100mL (seringa),IOVERSOL,Ioversol
ACIDO ACETIL SALICILICO 100MG,ACIDO ACETILSALICILICO <200MG,Ácido Acetilsalicílico
Sulfato de Hidroxicloroquina 400 mg comp,HIDROXICLOROQUINA,Hidroxicloroquina
"ENTECAVIR 0,5MG COMP",ENTECAVIR,Entecavir
"Fentanila 0,5 mg/10ml, fr-amp 0.1mg/ml",FENTANILA,Fentanila
RACECADOTRIL 100MG CAPS,RACECADOTRILA,Racecadotril
Zytiga 250mg Cp,ABIRATERONA,Abiraterona
AZITromicina 500mg - EV,AZITROMICINA,Azitromicina
"Deslanosideo 0,2mg/mL - 2mL",DESLANOSIDEO,Deslanosídeo
BUDESONIDA 100MCG/DOSE,BUDESONIDA,Budesonida
COMPLEXO VITAMINICO B DRG,VITAMINAS DO COMPLEXO B,Vitaminas do Complexo B
RIFAMICINA SODICA 10MG/ML 20ML USO TOPICO (RIFOCIN,RIFAMICINA (TOPICO),Rifamicina Sódica
PANTOPRAZOL 40mg COMP ,PANTOPRAZOL,Pantoprazol
LEVOFLOXACINO 500 MG FR 100 ML,LEVOFLOXACINO,Levofloxacino
"Solução Diálise Peritoneal (Glic1,5% + Ca3,5mEq/L) (Cód1683) 2000mL ",SOLUCAO PARA HEMODIALISE,Glicose e Cálcio
"OCTREOTIDE 0,1MG/ML AMPOLA 1ML",OCTREOTIDA,Octreotida
ACIDO ACETILSALICILICO 100 MG,ACIDO ACETILSALICILICO <200MG,Ácido Acetilsalicílico
Aciclovir 250mg inj,ACICLOVIR,Aciclovir
DICLORIDRATO DE BETAISTINA 16 mg,BETAISTINA,Betaistina
Noripurum Ev 100mg (20mg/ml) Ampola 5ml,FERRIPOLIMALTOSE (FERRO HIDROXIDO SACARATO),Ferro Dextrano
Ondansetrona 2mg/ml amp 2 mL,ONDANSETRONA,Ondansetrona
LAMOTRIGINA 25MG - COMPRIMIDO,LAMOTRIGINA,Lamotrigina
PERMANGANATO DE POTASSIO,PERMANGANATO DE POTASSIO (TOPICO),Permanganato de Potássio
Itraconazol 100 Mg Comprimido (A),ITRACONAZOL,Itraconazol
"Sol. de ringer + lactato, bolsa 500 ml",(RINGER LACTATO) CLORETO DE SODIO+CLORETO DE POTASSIO+CLORETO DE CALCIO+LACTATO DE SODIO,Ringer Lactato
Synvisc One Seringa 8mg/ml 6ml,HILANO + CLORETO DE SODIO + FOSFATO DISSODICO HIDROGENADO	+ DIHIDROGENOFOSFATO DE SODIO HIDRATADO,Hialuronato de Sódio
OXIDO DE ZINCO 200 MG + NISTATINA 100.000 UI/G (POMADA 60G),NISTATINA + OXIDO DE ZINCO (TOPICO),"Óxido de Zinco, Nistatina"
OLEO MINERAL SOL ORAL,OLEO MINERAL,Óleo Mineral
"OLANZapina 2,5mg Comprimido",OLANZapina,Olanzapina
FUROSEMIDA 40MG,FUROSEMIDA,Furosemida
Hepamax-S 25.000 UI/5mL Sol inj (Alta Vigilância),Heparina,Hepatite B Imunoglobulina Humana
"ATROPINA 0,25mg/mL 1mL AMP",ATROPINA,Atropina
CLORETO DE SODIO 20% AMP 10 ML,CLORETO DE SODIO,Cloreto de Sódio
Tacrolimo 1mg Cápsula,TACROLIMO,Tacrolimo
"Carmelose sódica 0,5% Sol oftálmica 10mL",CARMELOSE SODICA(CARBOXIMETILCELULOSE SODICA) (OFTÁLMICO),Carmelose sódica
FORMOTEROL FUMARATO DIIDRATADO 6MCG+BUDESONIDA 200MCG/DOSE PO INALANTE 60 DOSES,FORMOTEROL + BUDESONIDA,"Formoterol Fumarato Diidratado, Budesonida"
"FLUDROCORTISONA 0,1MG COMPRIMIDO NP (FLORINEFE)",FLUDROCORTISONA,Fludrocortisona
"BACLOFENO 2,5MG - CP",BACLOFENO,Baclofeno
Anastrozol 1 mg comp. rev.,ANASTROZOL,Anastrozol
"ALPRAZOLAM 0,25 mg",ALPRAZOLAM,Alprazolam
BLEOmicina(SULFATO) 15UI PO P/ SOL INJ - FRASCO AMPOLA,BLEOMICINA,Bleomicina
"FentaNILA 500mcg INJ (0,05 mg/mL) 10mL**",FENTANILA,Fentanil
"MPP:  BOSENTANA 62,5MG",BOSENTANA,Bosentana
Revitam Júnior Solução Oral Frasco 120ml,POLIVITAMINICO,Multivitaminas
Vitamina A 50.000ui/ml + Vitamina D 10.000ui/ml ( Livre de Parabenos E Óleos Vegetais)50ml,CLORANFENICOL + RETINOL (VITAMINA A) (TOPICO),"Vitamina A, Vitamina D"
"Hidrocin (0,75+0,5+5)mg/mL Sol nasal 20mL (Não Padrão)",CLORIDRATO DE NAFAZOLINA + FOSFATO DISSODICO DE DEXAMETASONA + SULFATO DE NEOMICINA,"Hidroclorotiazida, Cloridrato de Amilorida, Maleato de Enalapril"
LEFLUNOMIDA 20 MG CMP,LEFLUNOMIDA,Leflunomida
Alogliptina 25mg + PIOglitazona 30mg,ALOGLIPTINA + PIOGLITAZONA,"Alogliptina, Pioglitazona"
Hirudoid gel tubo c/ 40g,POLISSULFATO DE MUCOPOLISSACARIDEO  (TÓPICO),Heparinoide
Carboximaltose férrica 500mg/10mL Sol inj,CARBOXIMALTOSE FERRICA,Carboximaltose férrica
"DOBUTAMINA, 250MG/20ML  AMP 20ML (ALTA VIGILANCIA)",Dobutamina,Dobutamina
CLORIDRATO DE METFORMINA 1000 mg + GLIMEPIRIDA 4 mg,GLIMEPIRIDA + METFORMINA,"Metformina, Glimepirida"
Adenosina 3mg/Ml Inj. Ampola C/ 2ml (AV),ADENOSINA,Adenosina
"ATROVENT 0,25MG/ML - GTS",IPRATROPIO,Ipratrópio
Prometazina 25mg Cp,PROMETAZINA,Prometazina
Sacubitril Valsartana Sódica Hidratada 50mg Comprimido Revestido,SACUBITRIL + VALSARTANA,Sacubitril Valsartana
Sulfato De Morfina 10mg Cp.,SULFATO DE MORFINA,Morfina
Dolutegravir 50mg,DOLUTEGRAVIR,Dolutegravir
Nevirapina 10 mg/mL sol. oral frasco c/ 100 mL,NEVIRAPINA,Nevirapina
CICLOSPORINA 25MG CAPS (CEAF),CiclosPORINA,Ciclosporina
GABAPENTINA 300 MG - CAP,GABAPENTINA,Gabapentina
"BUPIVACAINA CLORIDRATO 0,5% SEM VASOCONSTRITOR - 2",BUPIVACAINA,Bupivacaína
METADONA 10 MG,Metadona,Metadona
MANIVASC 10MG - CP,MANIDIPINO,Enalapril
LoSEC Mups 20mg Cp rev,OMEPRAZOL,Omeprazol
CicloFOSFAMida 1g FA - Genuxal,ciclofosfamida,Ciclofosfamida
"ATROPINA SULFATO 0,5MG/1ML",ATROPINA,Atropina
"SORO FISIOLOGICO 0,9% 1000ML","CLORETO DE SODIO 0,9% (SORO FISIOLOGICO)",Cloreto de Sódio
FENTANEST 50mcg/ml FA 10 ml,FENTANILA,Fentanil
FENITOINA INJETAVEL 5 ML 50 MG/ML AMP,FENITOINA,Fenitoína
Paroxetina 25mg Comprimido Revestido,PAROXETINA,Paroxetina
FENOBARBITAL 40MG/ML 20ML SOL OR GTS,FENOBARBITAL,Fenobarbital
"Deslanosídeo 0,4mg/2mL amp",DESLANOSIDEO,Deslanosídeo
INSULINA REGULAR HUMANA 100 UI/ML FRA,INSULINA REGULAR,Insulina Regular Humana
NIMESULIDA 50MG/ML SOLUCAO ORAL DOSE 34 GOTAS,Nimesulida,Nimesulida
HIDROSMINA 200 mg,HIDROSMINA,Hidrosmina
"FIBRAS VEGETAIS PURIF (PLANTAGO OVATA) PSYLLIUM 3,5 G ENV",PLANTAGO OVATA ((PSYLLIUM HUSK),Psyllium
ACIDO TRANEXAMICO,ACIDO TRANEXAMICO,Ácido Tranexâmico
FENITOINA COMPRIMIDO 100MG @,FENITOINA,Fenitoína
LECANEmabe 500MG INJ (100MG/ML) 5ML,LECANEMABE,Lecanemabe
Dimenidrinato 50mg/mL + piridoxina 50mg/mL - 1mL,DIMENIDRINATO + PIRIDOXINA(B6),"Dimenidrinato, Piridoxina"
"CLORETO DE SODIO 0,9% 10ML","CLORETO DE SODIO 0,9% (SORO FISIOLOGICO)",Cloreto de Sodio
PEMETREXEDE - NP,PEMETREXEDE,Pemetrexede
COLCHICINA 0.5MG CPR,Colchicina,Colchicina
"CALCITRIOL 0,25 MCG",CalciTRIOL,Calcitriol
"Mabthera 1400mg / 11,7ml SC",RiTUXimabe,Rituximabe
SERETIDE,SALMETEROL + FLUTICASONA,Salmeterol e Fluticasona
"Lumigan 0,03% Sol oftálmica 5mL (Não Padrão)",BIMATOPROSTA (OFTALMICO),Bimatoprosta
IMUNOGLOBULINA ANTI RHO 300 MCG SER,IMUNOGLOBULINA ANTI-RH,Imunoglobulina Anti-Rho (D)
Hidrocortisona 20mg Cápsula - Manipulado,HIDROCORTISONA SUCCINATO SODICO,Hidrocortisona
Furosemida 20mg/2mL Sol inj,FUROSEMIDA,Furosemida
PROTAMINA 1.000 UI/ML  SOLUCAO INJETAVEL AMPOLA 5 ML,PROTAMINA,Protamina
ALIVIUM 100MG/ML 20ML (200GOTAS) FR (SE NECESSARIO),IBUPROFENO,Ibuprofeno
Mesacol 500mg supositório,MESALAZINA,Mesalazina
"Dermacerium 0,4/1,0% Creme 50g (Não Padrão)",SULFADIAZINA DE PRATA + NITRATO DE CERIO (TOPICO),Sulfadiazina de Prata + Nitrato de Cério
HIPO - HALOPERIDOL 1 MG,HaloPERidol,Haloperidol
"BUDESONIDA 0,5MG/2ML SUSP NEBULIZACAO FR 2ML",BUDESONIDA,Budesonida
PERMETRINA 10MG/ML ( 1%) - 60ML – SHAMPOO - FRASCO,PERMETRINA (TOPICO),Permetrina
GLICOPIRRONIO BROMETO CAPSULA GELATINOSA DURA COM PO PARA INALACAO 50MCG/DOSE 10 CAPSULAS COM INALADOR,GLICOPIRRONIO,Brometo de Glicopirrônio
DEXAMETASONA SOL INJ 2MG/ML AMP EV BOLUS,DEXAMETASONA,Dexametasona
FUROSEMIDA COMP 40MG,FUROSEMIDA,Furosemida
MIRTAZAPINA 30MG COMP,MIRTAZAPINA,Mirtazapina
Deflazacort 30mg Cp.,DEFLAZACORTE,Deflazacort
ENTACAPONA COMPRIMIDO REVESTIDO 200MG ,Entacapona,Entacapona
Urbanil (clobazam) 10mg Comprimido,CLOBAZAM,Clobazam
PRADAXA 150MG 60 CAP,Dabigatrana,Dabigatrana
Lidocaína 50mg/g Pomada Bisnaga 25g Oralbase - Ems,LIDOCAINA (TOPICO),Lidocaína
FOSF. SODICO DE prednisoLONA 3MG/ML SOL. ORAL FR 60ML,PrednisoLONA,Prednisolona
Dose D 200 UI/gota Sol oral 20mL (Não Padrão),COLECALCIFEROL (VITAMINA D),Colecalciferol
Anestésico Colírio Fr 10ml,TETRACAINA + FENILEFRINA (OFTALMICO),Tetracaína
MPP:  PRISTIQ 100 MG,DESVENLAFAXINA,Desvenlafaxina
Bacitracina+Neomicina 15g bisnaga,NEOMICINA + BACITRACINA (TOPICO),"Bacitracina, Neomicina"
Carvão ativado 10gr,CARVAO ATIVADO,Carvão ativado
"XGEVA 120MG AMP 1,7ML SC",DENOSUMABE,Denosumabe
TOPIRAMATO 25MG 60 CP REV NOVAQ GEN C1,TOPIRAMATO,Topiramato
POLIETILENOGLICOL 4000 S/ ELETROLITOS 10 GRAMAS,POLIETILENOGLICOL (MACROGOL),Polietilenoglicol 4000
SEVELAMER 800MG CPR,SEVELAMER,Sevelamer
Paracetamol 10mg/ml inj. bls 100ml,PARACETAMOL  (ACETAMINOFEM),Paracetamol
Claritin 10mg Comprimido,LORATADINA,Loratadina
OSELTAMIVIR 75MG COM,OSELTAMIVIR,Oseltamivir
RIVAROXABANA 15mg COMP - ALTA VIGILANCIA,RIVAROXABANA,Rivaroxabana
CLORETO DE POTASSIO 600 MG DRAGEA,CLORETO DE POTASSIO,Cloreto de Potássio
CLEXANE 80MG SC (MEDICAMENTO DE RISCO),ENOXAPARINA SODICA,Enoxaparina
"FENTANIL (CITRATO) 0,05MG/ML C/10ML INJ",FENTANILA,Fentanil
BUTILBROMETO DE ESCO.+DIPIRONA 10MG/ML SOL. ORAL FR 20ML,ESCOPOLAMINA + DIPIRONA,"Butilbrometo de Escopolamina, Dipirona"
SULFAMETOXAZOL 400MG + TRIMETOPRIMA 80MG - COMPRIMIDO,SULFAMETOXAZOL+TRIMETOPRIMA,Sulfametoxazol + Trimetoprima
"TERLIPRESSINA 0,1MG/ML AMPOLA 8,5ML",TERLIPRESSINA,Terlipressina
DECADRON - COLIRIO,DEXAmetasona (OFTALMICo),Dexametasona
BACILLUS CLAUSII FLACONETE 5ML,BACILLUS CLAUSII,Bacillus clausii
Uni Haloper 5 Mg/ml Amp/1ml,HaloPERidol,Haloperidol
CLORIDRATO DE VERAPAMIL 80 mg,VERAPAMIL,Verapamil
MANITOL SOLUCAO 20% 250ML BL SANOBIOL,MANITOL,Manitol
CicloFOSFAMida 1000mg Inj.,ciclofosfamida,Ciclofosfamida
CETAMINA 50MG/ML AMPOLA 2 ML (MPP),CETAMINA,Cetamina
"Naloxona 0,4 mg/1 ml, amp 0,4mg/ml",NALOXONA,Naloxona
ETOMIDATO 20MG/10ML SOL INJ,ETOMIDATO,Etomidato
Quetiapina 50 mg comp (NÃO PADRONIZADO),QUEtiapina,Quetiapina
Rosuvastatina cálcica 20mg cp (NÃO PADRONIZADA),ROSUVASTATINA CALCICA,Rosuvastatina cálcica
DAPAGLIFLOZINA 10 MG,DAPAGLIFLOZINA,Dapagliflozina
CLORIDRATO DE TRAMADOL 50MG/ML - 2ML - SOLUÇÃO INJETÁVEL - VIA INTRAMUSCULAR OU ENDOVENOSA - AMPOLA,TRAMADOL CLORIDRATO,Tramadol
"METOPROLOL, TARTARATO 1 MG/ML SOLUCAO INJETAVEL AMPOLA 5 ML",METOPROLOL TARTARATO,Metoprolol
AmioDARONA 150MG/3ML AMP,AMIODARONA,Amiodarona
Sotalol 120mg Comprimido,Sotalol,Sotalol
MECLIN 25MG COMP (NP),MECLOZINA,Cloridrato de Meclizina
Ruxolitinibe 10 mg cp ,RUXOLITINIBE,Ruxolitinibe
PARACETAMOL GOTAS 200MG / ML,PARACETAMOL  (ACETAMINOFEM),Paracetamol
Cetamina 50mg/ml 10ml Fr/amp,CETAMINA,Cetamina
"HIDROXIETILAMIDO 130/0,4 - EV",Hidroxietilamido,Hidroxietilamido
AGUA DESTILADA 10ML AMPOLA,AGUA DESTILADA,Água destilada
MC: FORXIGA 10MG ,DAPAGLIFLOZINA,Dapagliflozina
HIDROXIETILAMIDO 6% (60 MG/ML) FR 500 ML (VOLUVEN),Hidroxietilamido,Hidroxietilamido
NISTATINA+OXIDO DE ZINCO POMADA,NISTATINA + OXIDO DE ZINCO (TOPICO),"Nistatina, Óxido de Zinco"
"MORFINA 0,2 MG/1ML EV (MEDICAMENTO DE RISCO)",SULFATO DE MORFINA,Morfina
MEROPENEM 500MG - FR - AMP,MEROPENEM,Meropenem
DICLORIDRATO DE BETAISTINA 8 mg,BETAISTINA,Betaistina
"Butilbrometo de escopolamina 10mg, drágea (ORAL)",ESCOPOLAMINA (HIOSCINA),Butilbrometo de escopolamina
OCTREOTIDA 30 MG -  AMP,OCTREOTIDA,Octreotida
Toperma 5% Adesivo Transdermico Lidocaina 5%,LIDOCAINA (TOPICO),Lidocaina
MetoTREXATO 100 mg/mL,METOTREXATO,Metotrexato
SURFACTANTE ALFAPORACTANTO 80MG/ML SOL. INJETAVEL FA 3ML,ALFAPORACTANTO (SURFACTANTE),Alfaporactanto
EFFIENT 10MG 30 CP REV,Prasugrel,Prasugrel
EFEDrina SULFATO SOLUCAO INJETAVEL 50MG/ML 1ML  @,EFEDrina,Efedrina
Ampicilina 1000 mg po liofilo injetavel frasco/ampola ( Santa Casa ),AMPICILINA,Ampicilina
ALBUMINA HUMANA 20% MANIPULADA (PERIFERICA),ALBUMINA HUMANA,Albumina Humana
Alivium 100mg/ml (10gts/ml) 20ml,IBUPROFENO,Ibuprofeno
FENITOINA 50MG/ML (HIDANTAL),FENITOINA,Fenitoína
BIOCURON 4mg/2ml  amp 2 ml (Pancurônio),PANCURONIO,Pancurônio
Valsartana 80mg cp,VALSARTANA,Valsartana
TROPICAMIDA 1% (10MG/ML) SOLUCAO OFTALMICA,TROPICAMIDA,Tropicamida
DAPAGLIFLOZINA 10MG CPREV,DAPAGLIFLOZINA,Dapagliflozina
"CLONAZEPAM 0,5MG CP",CLONAZEPAM,Clonazepam
DEPURA 2.000UI 30CP,COLECALCIFEROL (VITAMINA D),Vitamina D3
SULFATO DE ZINCO 2.5 mg/mL,SULFATO DE ZINCO ,Zinco
ALOPURINOL 100 MG - COMP,AloPURinol,Alopurinol
Água Bidestilada Bolsa 100ml - Halex Istar #,AGUA DESTILADA,Água Bidestilada
DOMPERIDONA 1MG/ML SUSPENSAO ORAL DOSE 3 ML,DOMPERIDONA,Domperidona
"COLCHICINA 0,5MG - CP",Colchicina,Colchicina
DOMPERIDONA 10MG COMP,DOMPERIDONA,Domperidona
MPP:  PANCREATINA 25.000UI,PANCREATINA,Pancreatina
Mirtazapina 15mg Cp orodisp (Med. Controlado) ,MIRTAZAPINA,Mirtazapina
MC: EXELON PATCH 5 ,RIVASTIGMINA,Rivastigmina
Losartan Potássico 50 mg  cp,LOSARTANA,Losartan
"CLINDAMICINA 600MG - C/ 4ML + SF 0,9 % 100 ML",CLINDAMICINA,Clindamicina
SORO GLICOSADO 10% 1000ML,SOLUCAO DE GLICOSE (SORO GLICOSADO),Glicose
Coltrax 4mg (2mg/ml) Ampola 2ml,TIOCOLCHICOSIDEO,Tiocolchicosídeo
Quet XR 300mg Cp rev lib prolong (Med. Controlado) (Não Padrão),QUEtiapina,Quetiapina
SULFAMETOXAZOL + TRIMETOPRIMA (40MG + 8MG)/ML DOSE 5 ML,SULFAMETOXAZOL+TRIMETOPRIMA,Sulfametoxazol + Trimetoprima
Trometamol cetorolaco 5mg/ml Solução Oftálmica Frasco 5ml,CETOROLACO DE TROMETAMINA,Cetorolaco de Trometamol
NORAdrenalina 4MG/4ML AMP,NOREPINEFRINA (NORADRENALINA),Noradrenalina
OXIDO DE ZINCO USO TOPICO,OXIDO DE ZINCO,Óxido de Zinco
"Ropivacaína 7,5mg/ml (0,75%) 20ml Fr/amp",ROpivacaina,Ropivacaína
NAPROXENO 250MG - COMP,Naproxeno,Naproxeno
Fauldcispla 10mg/10mL Inj,CISPLATINA,Cisplatina
BACLOFENO 10MG - COMPRIMIDO,BACLOFENO,Baclofeno
"CEFEPIMA 2G PO P/SOL INJ + SF 0,9% 100ML",CEFEPIMA,Cefepima
"NATRILIX SR 1,5MG 30 CP C",Indapamida,Indapamida
SACCHAROMYCES BOULLARDI 200MG ENV,SACCHAROMYCES BOULARDII,Saccharomyces boulardii
Dipirona sodica 500mg/mL - 2mL,DipiRONA,Dipirona Sódica
TEMOZOLOMIDA 100MG VO QT,TEMOZOLOMIDA,Temozolomida
Aerolin 2mg Cp.,SALBUTAMOL (ALBUTEROL),Salbutamol
CILOSTAZOL 100MG COMPRIMIDO,Cilostazol,Cilostazol
"ENOXAPARINA SODICA 80 MG  SERINGA  0,8ML",ENOXAPARINA SODICA,Enoxaparina Sódica
Lidocaína 10% Spray Frasco 50ml,LIDOCAINA CLORIDRATO,Lidocaína
Losartana Potassica - Gen. Biosintetica 50 mg. 2 bl. x 14 cprs. rev.,LOSARTANA,Losartana Potassica
Amato 100mg Comprimido - C1,TOPIRAMATO,Topiramato
CUORE 75MG 28CP REV,CLOPIDOGREL,Ácido Acetilsalicílico
AMPICILINA  INTRAVENOS (AMPOLA 1GRAMA),AMPICILINA,Ampicilina
SORO FISIOLOGICO (NACL 0.9% 10 ML AMP),"CLORETO DE SODIO 0,9% (SORO FISIOLOGICO)",Cloreto de Sódio
Salbutamol 5mg/mL Gts Neb Fr 10mL - Aerolin,SALBUTAMOL (ALBUTEROL),Salbutamol
N-ACETILCISTEINA 600MG ENVELOPE,ACETILCISTEINA,N-Acetilcisteína
Decadron 2mg/1mL Sol inj,DEXAMETASONA,Dexametasona
VITAMINA COMPLEXO B DRG,VITAMINAS DO COMPLEXO B,Complexo B
"LEVOBUPIVACAINA 0,25%+ EPINEFRINA 20ML - AMP",LEVOBupivacaina,"Levobupivacaína, Epinefrina"
Tramadol 100mg Comprimido de Liberação Controlada,TRAMADOL CLORIDRATO,Tramadol
IRINOTECANO 40MG FR - NP,IRINOTECANO,Irinotecano
Sildenafila 50mg Cp,SILDENAFILA,Sildenafila
PROPATILNITRATO COMPRIMIDO C/10MG,PROPATILNITRATO,Propatilnitrato
Lactobacillus acidophilus 3BI UFC + Lactobacillus paracasei 3BI UFC+ Lactobacillus bifidum 3BI UFC + Lactobacillus rhamnosos 2BI UFC Sol oral 100mL (Não Padrão),LACTOBACILLUS ACIDOPHILUS + LACTOBACILLUS CASEI + LACTOBACILLUS RHAMNOSUS + BIFIDOBACTERIUM LONGUM,"Lactobacillus acidophilus, Lactobacillus paracasei, Lactobacillus bifidum, Lactobacillus rhamnosos"
TERIZIDONA CAPSULA GELATINOSA DURA 250MG MS,CICLOSERINA (TERIZIDONA),Terizidona
"LEUPRORRELINA ACETATO 22,5MG PO LIOFILIZADO",LEUPRORRELINA,Leuprorrelina
"AMOXICILINA+CLAV POT (250MG +62,5MG/ 5ML) SUSPENSAO",AMOXICILINA + CLAVULANATO POTASSIO,Amoxicilina + Ácido Clavulânico
LINEZOLIDA 2MG/ML SOLUCAO INJETAVEL BOLSA 300ML,LINEZOLIDA,Linezolida
"Psorex 0,5mg/g Creme 30g",CLOBETASOL (TOPICO),Betametasona
Esmolol 10mg/mL Inj. Frasco c/ 10mL,ESMOLOL,Esmolol
Imunoglobulina Humana 5 G 10 % (100 Mg/ml) Frasco C/ 50ml,IMUNOGLOBULINA HUMANA,Imunoglobulina Humana
"Clorexidina enxaguatório bucal 0,12% frasco 500mL",CLOREXIDINA,Clorexidina
Cetrolac 30 mg  amp 1 ml (Cetorolaco Trometamina) ,CETOROLACO DE TROMETAMINA,Cetorolaco Trometamina
Daxas 500mcg Comprimido Revestido,ROFLUMILAST,Roflumilaste
DEXMEDETOMIDINA 100MCG/ML 2ML-FR-AM,DEXMEDETOMIDINA,Dexmedetomidina
FENILEFRINA 10MG/ML AMP 1ML,FENILEFRINA,Fenilefrina
ALGINATO DE CALCIO E SODIO GEL,ALGINATO DE SODIO + ALINATO DE CALCIO (TOPICO),Alginato de Cálcio e Sódio
"Tocilizumabe 162mg Seringa Preenchida 0,9mL",TOCILIZUMABE,Tocilizumabe
Aciclovir 250mg INJ,ACICLOVIR,Aciclovir
AGUA DESTILADA 1.000ML (SOROTERAPIA),AGUA DESTILADA,Água destilada
SORO ANTIBOTROPICO,SORO ANTIBOTROPICO,Veneno de Bothrops
Isometepteno 30mg+cafeína 30mg+DipiRONA 300mg Drg,ISOMETEPTENO + DIPIRONA +CAFEINA,"Isometepteno, Cafeína, Dipirona"
FAULDLEUCO (FOLINATO DE CALCIO) 50MG,FOLINATO DE CALCIO (ACIDO FOLINICO),Folinato de Cálcio
SULFAMETOXAZOL+TRIMETROPIMA (400MG+80MG) CPR,SULFAMETOXAZOL+TRIMETOPRIMA,Sulfametoxazol e Trimetropima
"ACIDO VALPROICO 250MG/5ML XAROPE DOSE 2,5 ML",ACIDO VALPROICO (VALPROATO DE SODIO),Ácido Valproico
Miflonide 400mcg Cap inal (Não Padrão),BUDESONIDA,Budesonida
CloNIDina 150mcg/ml Amp. 1ml,CLONIDINA,Clonidina
AMOXICILINA  500MG - CAPS,AMOXICILINA,Amoxicilina
"ENALAPRIL, MALEATO COMP 10MG",ENALAPRIL MALEATO,Enalapril
BCG 40MG - AMPOLA,BCG (CEPA VIVA ATENUADA),Bacilo de Calmette-Guérin
SINTEZYS 150MG 3 CP,IBANDRONATO DE SODIO,Clozapina
Fator VIII de Coagulação 500 UI Frasco-ampola + Diluente 5ml - Ministério da Saúde,FATOR VIII DE COAGULAÇAO,Fator VIII de Coagulação
Olimel N4E Bolsa 1000ml,POLIAMINOACIDOS + GLICOSE + EMULSAO LIPIDICA COM ELETROLITOS,"Aminoácidos, glicose, eletrólitos, lipídios"
Annita 500 Mg Cp.,NITAZOXANIDA,Nitazoxanida
Dextrano+hipromelose Colírio 15ml,DEXTRANA + HIPROMELOSE (OFTALMICO),"Dextrano, Hipromelose"
Paracetamol + Codeína 500/30mg Cp,CODEINA + PARACETAMOL (ACETAMINOFEM),"Paracetamol, Codeína"
ERITROPOETINA HUMANA 4.000 UI 4000 UI,ALFAEPOETINA (ERITROPOETINA),Eritropoetina Humana
MORFINA SULFATO COMPRIMIDO 30MG @,SULFATO DE MORFINA,Morfina
Albendazol 400mg Cp. ,ALBENDAZOL,Albendazol
DASATINIBE 100MG (SESA),DASATINIBE,Dasatinibe
Renitec (enalapril)  20mg Comprimido,ENALAPRIL MALEATO,Enalapril
Pantoprazol 40mg cp,PANTOPRAZOL,Pantoprazol
BICARBONATO DE SODIO 1 mg + CLORETO DE POTASSIO 1 mg + CLORETO DE SODIO 1 mg + MACROGOL 1 mg,MACROGOL+BICARBONATO DE SODIO+CLORETO DE POTASSIO + CLORETO DE SODIO,"Bicarbonato de Sódio, Cloreto de Potássio, Cloreto de Sódio, Macrogol"
NOVALGINA 300MG INFANTIL SUP,DipiRONA,Dipirona
Floratil  200mg Envelope,SACCHAROMYCES BOULARDII,Saccharomyces boulardii
ACIDO ACETILSALICILICO 100 MG - COMP,ACIDO ACETILSALICILICO <200MG,Ácido Acetilsalicílico
CETOCONAZOL + BETAMETASONA CREME 30G,CETOCONAZOL + BETAMETASONA  (TOPICO),"Cetoconazol, Betametasona"
MIDAZOLAM 5MG/ML 10ML AMP,MIDAZOLAM,Midazolam
amioDARONA 50MG/ML 3ML AMP,AMIODARONA,Amiodarona
SIMETICONA 75 MG/ML FR 10 ML,SIMETICONA,Simeticona
Donaren 50mg Cp. Rev.,TRAZODONA,Trazodona
Atorvastatina 10mg Comprimido,ATORVASTATINA,Atorvastatina
Obinutuzumabe 1000 mg fr amp  ( Anticorpo monoclonal ),OBINUTUZUMABE,Obinutuzumabe
Soro Glicosado 5% 100mL [30532],SOLUCAO DE GLICOSE (SORO GLICOSADO),Glicose
FLUCONAZOL CAPSULA GELATINOSA DURA 150MG,FLUCONAZOL,Fluconazol
HIDROCLOROTIAZIDA 25MG/5L 50ML MANIPULADO,HIDROCLOROTIAZIDA,Hidroclorotiazida
METARAMINOL  INJETAVEL - 1 ML 10 MG/ML AMP,METARAMINOL,Metaraminol
METOPROLOL (TARTARATO) 10MG/ML 30 ML FR,METOPROLOL TARTARATO,Metoprolol
SULFAMETOXAZOL/TRIMETROPRIMA 800/160MG CP,SULFAMETOXAZOL+TRIMETOPRIMA,Sulfametoxazol e Trimetoprima
ALTEPLASE 50MG - FR AMP,ALTEPLASE,Alteplase
Micardis 80 Mg Cp,TELMISARTANA,Telmisartana
"Neostigmina 0,5mg/ml Ampola 1ml",NEOSTIGMINA,Neostigmina
Ceftazidima + Avibactam 2000mg+500mg Fr Amp,CEFTAZIDIMA + AVIBACTAM,Ceftazidima + Avibactam
SULFAMETOXAZOL + TRIMETOPRIMA 400 MG + 80 MG COMPRIMIDO,SULFAMETOXAZOL+TRIMETOPRIMA,Sulfametoxazol + Trimetoprima
Vaselina Sólida 30g,VASELINA,Vaselina
CLORIDRATO DE TIORIDAZINA 25 mg,TIORIDAZINA,Tioridazina
INFLIXimabe 10mg/mL,InFLIXimabe,Infliximabe
Imipra 25mg Cp rev (Med. Controlado) (Não Padrão),IMIPRAMINA,Imipramina
CEFUROXIMA SODICA 750MG FAM,CEFUROXIMA,Cefuroxima
AmiTRIPtilina 25MG COMP. (TRYPTANOL),AMITRIPTILINA,Amitriptilina
Salmeterol+Fluticasona 25+125mcg/jato spray,SALMETEROL + FLUTICASONA,Salmeterol e Fluticasona
CefTAZidima PO PARA SOLUCAO INJETAVEL 1G,CEFTAZIDIMA,Ceftazidima
AloPURinol 300 mg,AloPURinol,Alopurinol
BECLOMETASONA  SPRAY ORAL 50 MCG/JAT FR,beclometasona,Beclometasona
CIMETIDINA 150MG / ML  IM / IV,cimetidina,Cimetidina
CIPROFLOXACINO + HIDROCORTISONA COLIRIO FRASCO  - NP,ciprofloxacino + HIDROCORTISONA (otológico),"Ciprofloxacino, Hidrocortisona"
"RASBURICASE 1,5MG PO FA",RASBURICASE,Rasburicase
DipiRONA 500MG CPR,DipiRONA,Dipirona
"SOLUCAO FISIOLOGICA 0,9% 500ML","CLORETO DE SODIO 0,9% (SORO FISIOLOGICO)",Cloreto de sódio
ACIDO ACETIL SAL INFAN 100MG 10 CP AV,ACIDO ACETILSALICILICO <200MG,Ácido Acetilsalicílico
Piemonte Env 4mg,MONTELUCASTE DE SODIO,Montelucaste
N-ACETILCISTEINA 20MG/1ML XAROPE PED,ACETILCISTEINA,N-Acetilcisteína
LAMOTRIGINA 100MG - COMPRIMIDO,LAMOTRIGINA,Lamotrigina
Fomblin Hcr 3% + Alantoína 1% + Óleo de Silicone 10%  Pote 100g Creme,CREME PROTETOR,"Fomblin Hcr, Alantoína, Óleo de Silicone"
(NAO PADRAO) ACIDO VALPROICO 500MG COMPRIMIDO,ACIDO VALPROICO (VALPROATO DE SODIO),Ácido Valproico
"Isossorbida, Dinitrato 10mg Cp",ISOSSORBIDA,Dinitrato de Isossorbida
ALENIA 12/400 (01 CAPSULA DE 12/12 HORAS),FORMOTEROL + BUDESONIDA,Budesonida + Formoterol
PROPRANOLOL 40 MG - COMP,PROPRANOLOL,Propranolol
PERTUZUMABE+TRASTUZUMABE 600 MG + 600 MG SOL. INJ. - QT,PERTUZUMABE + TRASTUZUMABE,"Pertuzumabe, Trastuzumabe"
"SOLUCAO DE DIALISE PERITONEAL 4,25% BOLS 6000ML",GLICOSE MONOHIDRATADA + LACTATO DE SODIO + CLORETO DE SODIO + CLORETO DE CALCIO DI-HIDRATADO + CLORETO DE MAGNESIO HEXAIDRATADO,Dextrose
VASOGARD 100MG 30 CP C,Cilostazol,Pentoxifilina
ANASTROLIBBS (ANASTROZOL) 1MG COMP,ANASTROZOL,Anastrozol
AMICACINA 500MG / 2ML,AMICACINA ,Amicacina
DOCETAXEL 20MG/ML,DOCETAXEL,Docetaxel
Medicamento do paciente (uso eventual) 06,MEDICAMENTO DO PACIENTE,"Desculpe, mas você não forneceu um nome específico de medicamento. Por favor, forneça o nome do medicamento para que eu possa identificar a substância ativa."
Corentel 10mg Cp rev (Importado) (Não Padrão),BISOPROLOL,Bisoprolol
PIRIMETAMINA 25 mg,PIRIMETAMINA,Pirimetamina
MC: METOPROLOL ( SELOZOK  25 ,METOPROLOL SUCCINATO,Metoprolol
BISACODIL 5 MILIGRAMAS,BISACODIL,Bisacodil
HIDROXIDO DE FERRO III 100 MILIGRAMAS (COMPRIMIDO),FERRIPOLIMALTOSE (FERRO HIDROXIDO SACARATO),Hidróxido de Ferro III
ANLODIPINO 5MG (NORVAX),ANLODIPINO,Amlodipino
DIPIRONA 500MG/ML SOLUCAO ORAL DOSE 13 GOTAS,DipiRONA,Dipirona
ERTAPENEM SODICO PO LIOFILO INJETAVEL 1G,ERTAPENEM,Ertapenem Sódico
FUROSEMIDA 40 mg,FUROSEMIDA,Furosemida
ACIDO ACETILSALICILICO COMP C/100MG,ACIDO ACETILSALICILICO <200MG,Ácido Acetilsalicílico
CiclosPORINA 25mg Cap,CiclosPORINA,Ciclosporina
N.P. - ESCITALOPRAM 10MG CP,ESCitalopram,Escitalopram
GLUTAMINA 5G - SACHÊ,GLUTAMINA,Glutamina
MALEATO DE ENALAPRIL 5 MILIGRAMAS (COMPRIMIDO),ENALAPRIL MALEATO,Enalapril
"Diluição MORFINA em CLORETO SODIO 0,9% 100ML (CONTINUO)",SULFATO DE MORFINA,Morfina
RPA METOCLOPRAMIDA 5MG/ML AMP.2ML(PLASIL) IV (ADULTO),METOCLOPRAMIDA,Metoclopramida
DIPIRONA 1000MG/2ML AMP,DipiRONA,Dipirona
SOROTERAPIA - GLICOSE 5% 500ML FR,SOLUCAO DE GLICOSE (SORO GLICOSADO),Glicose
"Dutasterida 0,5mg/mL + Tansulosina 0,4 mg/mL Sol oral 60mL (Não Padrão)",TANSULOSINA + DUTASTERIDA,"Dutasterida, Tansulosina"
"AMICACINA, SULFATO 50MG/ML AMP 2ML",AMICACINA ,Amicacina
CISATRACURIO 10MG/5ML EV PED (MEDICAMENTO DE RISCO),CISATRACURIO,Cisatracurio
Tranexâmico Ácido 250mg Cp.,ACIDO TRANEXAMICO,Ácido Tranexâmico
MC: LEVETIRACETAM  10 ,LEVETIRACETAM,Levetiracetam
HidroCLOROtiazida - comprimido 25 mg,HIDROCLOROTIAZIDA,Hidroclorotiazida
Persantin 10mg/2ml Ampola 2ml,DIPIRIDAMOL,Dipiridamol
NitroGLICERINA 5MG/ML  5ML SOL.INJ CONCENTRADO - SOLUÇÃO,NitroGLICERINA,Nitroglicerina
SALIVA ARTIFICIAL FRS,SALIVA ARTIFICIAL,Carmelose Sódica
ESPIRONOLACTONA 25MG/ 5ML-100 ML,ESPIRONOLACTONA,Espironolactona
"Rivotril 0,5 mg comp (RQ) (Port344/98)",CLONAZEPAM,Clonazepam
"Pirimetamina, Cloridrato de 25mg Cpr",PIRIMETAMINA,Pirimetamina
Cálcio MDK,CARBONATO DE CALCIO+OXIDO DE MAGNESIO + MALTODEXTRINA + MENAQUINONA-7 (VITAMINA K2) + COLECALCIFEROL (VITAMINA D3) + ANTIUMECTANTE CELULOSE MICROCRISTALINA + ESTABILIZANTE CROSCARMELOSE SODICA + LUBRIFICANTE ESTEARATO DE MAGNESIO + DIOXIDO DE SILICIO,Cálcio
CRANBERRY 1 mg,CRANBERRY (CRANBERRIES),Cranberry
Tramadol 100mg Amp 2mL (50mg/mL),TRAMADOL CLORIDRATO,Tramadol
"Bexsero Susp inj 0,5mL",VACINA ADSORVIDA MENINGOCOCICA B (RECOMBINANTE),Meningococo B (recombinante)
TRASTUZUMABE ENTANSINA 20MG/ML,TRASTUZUMABE,Trastuzumabe Entansina
"SOLUCAO CLORETO DE SODIO 0,9% 1000ML","CLORETO DE SODIO 0,9% (SORO FISIOLOGICO)",Cloreto de Sódio
LUITEINA 10 mg + ZEAXANTINA 2 mg,LUTEINA + ZEAXANTINA ,"Luteína, Zeaxantina"
Diosmina+Hesperidina 50 mg/450 mg comp,DIOSMINA + HESPERIDINA,"Diosmina, Hesperidina"
NITAZOXANIDA 20MG/1ML SUSPENSAO,NITAZOXANIDA,Nitazoxanida
"cloNIDina 0,1MG OU 100 MICROGRAMAS (ATENSINA)",CLONIDINA,Clonidina
CLORETO DE SODIO 0.9% - FRASCO 1000ML,"CLORETO DE SODIO 0,9% (SORO FISIOLOGICO)",Cloreto de Sódio
CefTAZidima 1G +  AD 10ML  EV BI/BS - CARDIOPED,CEFTAZIDIMA,Ceftazidima
MESNA 400MG/4ML AMP 4ML - PRIMEIRA DOSE,MESNA,Mesna
"Haloperidol 5 mg/1 ml, amp 5mg/ml",HaloPERidol,Haloperidol
PEMBROLIZUMABE,PEMBROLIZUMABE,Pembrolizumabe
"AloPURinol 100mg, comprimido (ORAL)",AloPURinol,Alopurinol
CLORETO DE SODIO 0.9% - AMP 10ML,"CLORETO DE SODIO 0,9% (SORO FISIOLOGICO)",Cloreto de Sodio
SEROQUEL 100MG CP,QUEtiapina,Quetiapina
Stugeron Comprimido 25mg,CINARIZINA,Cinarizina
HIDRALYTE 45 LARANJA 500ML FR NATULAB,CLORETO DE SODIO + CITRATO DE SODIO DIIDRATADO + GLICOSE + CITRATO DE POTÁSSIO MONOIDRATADO,Hidrato de Sódio
Cinarizina 25mg,CINARIZINA,Cinarizina
METOCLOPRAMIDA+SIMETICONA+PANCREAT.+PEPS. CPR,METOCLOPRAMIDA + SIMETICONA + PANCREATINA + PEPSINA,"Metoclopramida, Simeticona, Pancreatina, Pepsina"
DOCEtaxel SOLUCAO INJETAVEL PRONTA PARA USO 20MG/ML 6ML##,DOCETAXEL,Docetaxel
"TERBUTALINA  0,5MG/ML AMPOLA 1ML",TERBUTALINA,Terbutalina
SUFentanila 50MCG/ML 1ML SOL.INJ,SUFENTANILA,Sufentanila
ACIDO FOLINICO 10MG/ML ENDOVENOSO,FOLINATO DE CALCIO (ACIDO FOLINICO),Ácido folínico
"BUpivacaina 0,5% s/v - 20mL",BUPIVACAINA,Bupivacaína
DENOSUMABE 60MG/ML 1ML SOL.INJ - QT,DENOSUMABE,Denosumabe
LevoTIROXina 88mcg Comprimido,LevoTIROXina,Levotiroxina
FERRONIL 40MG COMPRIMIDO,SULFATO FERROSO,Ferro
MC: RIVAROXABANA 1 ,RIVAROXABANA,Rivaroxabana
"(Do paciente ) Valsartana 80 mg + Hidroclorotiazida 12,5 mg cp",VALSARTANA +HIDROCLOROTIAZIDA,"Valsartana, Hidroclorotiazida"
MC: RIVAROXABANA,RIVAROXABANA,Rivaroxabana
NiFEDipina AÇÃO RETARDADA 20 mg,NIFEDIPINO,Nifedipina
Alfaepoetina 10.000UI/mL Ser,ALFAEPOETINA (ERITROPOETINA),Alfaepoetina
Clopidogrel 75 mg  cp,CLOPIDOGREL,Clopidogrel
CicloFOSFAMida 50MG CPR,ciclofosfamida,Ciclofosfamida
MC: SOMALGIN 01CP ,ACIDO ACETILSALICILICO <200MG,Ácido acetilsalicílico
MESNA 400MG/4ML AMP 4ML - TERCEIRA DOSE,MESNA,Mesna
CIANOCOBOLAMINA (VIT B12) 1000MCG SOL INJ - AMP 1ML OU 2ML,CIANOCOBALAMINA (VITAMINA B12),Cianocobalamina
Benzetacil 1200.000 10 Fr,BENZILPENICILINA BENZATINA,Benzilpenicilina benzatina
"DIMENIDRATO 30MG,PIRIDOXINA 50MG DL 10ML-PED",DIMENIDRINATO + PIRIDOXINA(B6),"Dimenidrinato, Pridoxina"
TACROLIMO 1MG CAPS (CEAF),TACROLIMO,Tacrolimo
Biperideno 5mg inj. amp. 1mL,BIPERIDENO,Biperideno
ANLODIPINA 5 MG CMP,ANLODIPINO,Amlodipina
Água Para Injetáveis - 500 mL,AGUA PARA INJECAO,Água
BACLOFENO 10 mg,BACLOFENO,Baclofeno
"SUPLEM. VITAMINICO (A, B1, B2, B5, B8, C, D, E) - SOL. ORAL",POLIVITAMINICO,"Vitaminas A, B1, B2, B5, B8, C, D, E"
BECLOMETASONA 250MCG SPRAY,beclometasona,Beclometasona
Plenance EZE 20/10mg Cap (Não Padrão),EZETIMIBA + ROSUVASTATINA,Ezetimiba
"Nilperidol 0,05mg + 2,5mg/ml Ampola 2ml",FENTANILA + DROPERIDOL,Haloperidol
LEVOMEPROMAZINA SOL ORAL 40MG/ML FR 20ML,LEVOMEPROMAZINA (METOTRIMEPRAZINA),Levomepromazina
LAMOTRIGINA 100MG - COMPRIMIDO,LAMOTRIGINA,Lamotrigina
Actonel Comprimido Revestido 150mg,RISEDRONATO,Risedronato Sódico
DOXOrrubicina 50mg Fr/amp,DOXORRUBICINA  CLORIDRATO,Doxorrubicina
Ceftazidima + Avibactam (2g + 500mg) Fa.,CEFTAZIDIMA + AVIBACTAM,"Ceftazidima, Avibactam"
Escopolamina 1mg Adesivo (Não Padrão),ESCOPOLAMINA (HIOSCINA),Escopolamina
Clortalidona 25mg Cp,CLORTALIDONA,Clortalidona
Fosfato de sodio monobasico + fosfato de sodio dibasico Sol.retal  Fr 130 mL (RQ),FOSFATO DE SODIO MONOBASICO MONOIDRATADO + FOSFATO DE SODIO DIBASICO HEPTAIDRATADO (RETAL),"Fosfato de sódio monobásico, Fosfato de sódio dibásico"
BIPERIDENO 2MG - CP,BIPERIDENO,Biperideno
ELIQUIS 5 MG COMPRIMIDO,APIXABANA,Apixabana
IMUNOGLOBULINA HUMANA 50MG/ML (5%) FR 100ML,IMUNOGLOBULINA HUMANA,Imunoglobulina Humana
"Dexametasona 4mg/mL Injetável c/ 2,5mL",DEXAMETASONA,Dexametasona
Somalgin Cardio 325 Mg Cp.,ACIDO  ACETILSALICILICO + GLICINATO DE ALUMINIO +  CARBONATO DE MAGNESIO                                              ,Ácido Acetilsalicílico
TOPIRAMATO 25MG COMP REVESTIDO,TOPIRAMATO,Topiramato
[ N.P] CLORETO DE SODIO SOL INJ 20% AMP 10ML (MAV),"CLORETO DE SODIO 0,9% (SORO FISIOLOGICO)",Cloreto de Sódio
Avamys spray 1 frasco com 120 doses,FLUTICASONA,Fluticasona furoato
CEFTRIAXONA SODICA 1G (FRASCO AMPOLA) SC,CefTRIAXona,Ceftriaxona
MEDICAMENTO NAO PADRAO,MEDICAMENTO NAO PADRONIZADO,"Desculpe, mas não consigo fornecer a substância ativa para ""MEDICAMENTO NAO PADRAO"" porque isso não parece ser o nome de um medicamento específico. Por favor, forneça o nome correto do medicamento."
Budesonida 400 mcg caps c/inalador,BUDESONIDA,Budesonida
VANCOMICINA 500MG FR AMP - UTIN,VANCOMICINA CLORIDRATO,Vancomicina
FENITAL 50MG/ML-5ML AMP IV-FENITOINA,FENITOINA,Fenitoína
Oseltamivir 30mg Cap,OSELTAMIVIR,Oseltamivir
Adenosina 3mg/mL inj. ampola c/ 2mL,ADENOSINA,Adenosina
PANTOPRAZOL SODICO SESQUI-HIDRATADO 20 mg,PANTOPRAZOL,Pantoprazol
CefaLOTina 1G + AD 10ML - EV - NEO,Cefalotina,Cefalotina
"Carvedilol 3,125mg Cp",CarVEDilol,Carvedilol
CAPECITABINA 500MG CP REV,CAPECITABINA,Capecitabina
Lidocaína 1% s/ vasoconstritor inj. frasco-ampola c/ 20mL,LIDOCAINA CLORIDRATO,Lidocaína
ATORVASTATINA 3 mg + EZETIMIBA 5 mg,ATORVASTATINA + EZETIMIBA,"Atorvastatina, Ezetimiba"
Tisseel Lyo - Kit 2ml ,FIBRINOGENIO+APROTININA+TROMBINA (TOPICO),Fibrinogênio e Trombina
Telmisartana 40mg Cp,TELMISARTANA,Telmisartana
AMPICILINA 1G - Infantil,AMPICILINA,Ampicilina
[MPP] VOLARE (ENOXAPARINA) 80MG,ENOXAPARINA SODICA,Enoxaparina
TRAStuzumabe DERUXTECANA 100mg Inj,TRASTUZUMABE,Trastuzumabe Deruxtecano
PROMETAZINA 25 MG COMPRIMIDO,PROMETAZINA,Prometazina
"Hioscina 20mg + dipirona 2,5g/5ml, amp",ESCOPOLAMINA + DIPIRONA,"Hioscina, Dipirona"
MACROGOL+ASSOCIACOES ENVELOPE SABOR LIMAO 14G,MACROGOL+BICARBONATO DE SODIO+CLORETO DE POTASSIO + CLORETO DE SODIO,Macrogol
REGORAFENIBE 40MG VO QT,REGORAFENIBE,Regorafenibe
Nitrato de Prata 1% Colirio 3ml,NITRATO DE PRATA (OFTALMICO),Nitrato de Prata
AMICACINA 500MG/2ML - AMP,AMICACINA ,Amicacina
TIAMINA CLORIDRATO 100MG/ML   1ML,TIAMINA (VITAMINA B1),Cloridrato de Tiamina
"Gestinol 0,075mg/0,03mg Drágea",GESTODENO + ETINILESTRADIOL,Etonogestrel e Etinilestradiol
VALAciclovir 500mg Cp rev,VALACICLOVIR,Valaciclovir
MESALAZINA 2 g,MESALAZINA,Mesalazina
"CarVEDilol COMPRIMIDO 3,125MG",CarVEDilol,Carvedilol
Nitrato De Isoconazol 10mg/g + Valerato De Diflucortolona 1mg/g  Bisnaga 30g,NITRATO DE ISOCONAZOL + VALERATO DE DIFLUCORTOLONA (TOPICO),"Isoconazol, Diflucortolona"
ACLASTA 5MG/100ML 1 FRASCO,ACIDO ZOLEDRONICO,Ácido zoledrônico
LIDOCAINA 25MG+PRILOCAINA 25MG CREME,LIDOCAINA + PRILOCAINA (TOPICO),"Lidocaína, Prilocaína"
Hidroxietilamido + Cloreto De Sódio 6% Inj. Frasco C/ 500ml (voluven)*,HIDROXIETILAMIDO + CLORETO DE SODIO,Hidroxietilamido + Cloreto de Sódio
TRAStuzumabe 150MG - BI (MEDICAMENTO DE RISCO),TRASTUZUMABE,Trastuzumabe
Estudo Garden - Glenzocimabe/Placebo Frasco-Ampola (Pesquisa Clínica),GLENZOCIMABE,Glenzocimabe
DIAzepam 5mg Comprimido,DIAZEPAM,Diazepam
Puran T4 (levotiroxina) 25mcg Comprimido,LevoTIROXina,Levotiroxina
"Isossorbida, Monon 10mg/ml  Ampola 1ml",ISOSSORBIDA,Isossorbida Mononitrato
Tiossulfato de sódio 4% Inj 2mL,TIOSSULFATO DE SODIO,Tiossulfato de sódio
"Bicarbonato de sodio 8,4% 10 mL (84 mg/mL) 1 meq = 84 mg amp",BICARBONATO DE SODIO,Bicarbonato de sódio
"Bicarbonato de Sodio 8,4% solucao 84 mg/mL frasco 250 mL",BICARBONATO DE SODIO,Bicarbonato de Sódio
SERTRALINA 100MG,SERTRALINA CLORIDRATO,Sertralina
"Amicacina  250mg/mL 2mL, ampola (IM, IV)",AMICACINA ,Amicacina
PASTA D'AGUA+MENTOL E CANFORA 150G,PASTA D'AGUA + MENTOL E CANFORA,Mentol e Cânfora
DIMENIDRINATO+PIRIDOXINA CLORIDRATO  50+50MG 1ML IM,DIMENIDRINATO + PIRIDOXINA(B6),"Dimenidrinato, Piridoxina Cloridrato"
INSULINA HUMANA NPH 100UI/ML FAM,INSULINA HUMANA NPH,Insulina Humana NPH
RIFAMP 75MG + ISONIAZ 50MG + PIRAZ 150MG - CP ORODISPERSIVEL,ETAMBUTOL + ISONIAZIDA + PIRAZINAMIDA + RIFAMPICINA,Rifampicina + Isoniazida + Pirazinamida
OXcarbazepina 60mg/mL Susp Oral - Trileptal,OXCARBAZEPINA,Oxcarbazepina
FLUCONAZOL CAPSULA C/100MG,FLUCONAZOL,Fluconazol
GENTAMICINA 80 MG AMP 2 ML,GENTAMICINA,Gentamicina
NOREPinefrina 1MG/ML- EV- BS - PED (MEDICAMENTO DE RISCO),NOREPINEFRINA (NORADRENALINA),Norepinefrina
Paracetamol 500mg Comprimido,PARACETAMOL  (ACETAMINOFEM),Paracetamol
LEVOFLOXACINA 500MG/100ML - EV - PED,LEVOFLOXACINO,Levofloxacina
Tridil 50 mg/10 mL amp (5 mg/mL) (RQ) (MPP),NitroGLICERINA,Nitroglicerina
"HEMITARTARATO DE RIVASTIGMINA 9,5 mg",RIVASTIGMINA,Rivastigmina
LORazepam 1 mg Cp.,LORAZEPAM,Lorazepam
LIDOCAINA 10% SOL. SPRAY TOPICO FR 50ML,LIDOCAINA (TOPICO),Lidocaína
HIDROXIDO MAGNESIO SUSPENSAO,HIDROXIDO DE MAGNESIO,Hidróxido de Magnésio
Prednisona 20mg Cp.,PredniSONA,Prednisona
SULFATO DE MAGNESIO 10% 10ML (MED. ALTO RISCO),SULFATO DE MAGNESIO,Sulfato de Magnésio
PALBOCICLIBE 125MG CAP  - QT,Palbociclibe,Palbociclibe
FINASTERIDA 5MG CP,FINASTERIDA,Finasterida
"Metoprolol, Succinato 50mg Cp Rev Lib Prolongada",METOPROLOL SUCCINATO,Metoprolol
CLORPROMAZINA 5MG/ML AMP 5 ML,ClorproMAZINA,Clorpromazina
"RIVOTRIL 0,5MG - CP",CLONAZEPAM,Clonazepam
Linezolida 600 mg  bolsa 300 ml,LINEZOLIDA,Linezolida
ANESTALCON - COLIRIO,PROXIMETACAINA (OFTALMICO),Cloridrato de Nafazolina + Maleato de Feniramina
MEROpenem 1G ,MEROPENEM,Meropenem
BISSULFATO DE CLOPIDOGREL 75 mg,CLOPIDOGREL,Clopidogrel
ACIDO TRANEXAMICO 250MG 5ML AMPOLA,ACIDO TRANEXAMICO,Ácido Tranexâmico
QUEtiapina 100 mg comprimido revestido,QUEtiapina,Quetiapina
Clozapina 100mg cp.,Clozapina,Clozapina
NiFEDipina 10mg cp,NIFEDIPINO,Nifedipina
"Cloreto De Sódio 0,9% 100ml | Solução Injetável","CLORETO DE SODIO 0,9% (SORO FISIOLOGICO)",Cloreto de Sódio
Lenalidomida 15mg Cap (Med. Controlado),LENALIDOMIDA,Lenalidomida
INDOMETACINA 25MG CAPSULA,INDOMETACINA,Indometacina
FENITOÍNA 100MG - COMPRIMIDO,FENITOINA,Fenitoína
Votrient 400mg Comprimido Revestido,PAZOPANIBE,Pazopanibe
NISULID 50MG/ML 15ML (300GOTAS) FR,Nimesulida,Nimesulida
Sugamadex 100mg/ml Amp 2ml,SUGAMADEX,Sugamadex
PAROXETINA 20MG (NAO PADRONIZADO),PAROXETINA,Paroxetina
Menelat 30mg Cp rev (Med. Controlado) (Não Padrão),MIRTAZAPINA,Mirtazapina
Cetoprofeno IV 100 mg  FA,CETOPROFENO,Cetoprofeno
MC: BISOPROLOL 5MG ,BISOPROLOL,Bisoprolol
Prednisona 5mg Cp. *,PredniSONA,Prednisona
PARACETAMOL 750MG - COMPRIMIDO,PARACETAMOL  (ACETAMINOFEM),Paracetamol
TRAMAL 50MG/ML AMP 1ML,TRAMADOL CLORIDRATO,Tramadol
"PAMIDRONATO DISSODICO 90MG + SF0,9% 250ML",PAMIDRONATO (ACIDO PAMIDRONICO),Pamidronato Dissódico
QUIMIOTERAPIA - BUSCOPAN COMPOSTO 5ML AMPOLA EV,ESCOPOLAMINA + DIPIRONA,Butilbrometo de escopolamina + dipirona sódica
Omeprazol 40mg Inj. ,OMEPRAZOL,Omeprazol
Metoprolol Tartarato 100mg Cp. Rev.,METOPROLOL TARTARATO,Metoprolol
Nivolumabe 10 mg/mL solucao 10 mL (100 mg/frasco-ampola ) ,NIVOLUMABE,Nivolumabe
CeFAZolina PO LIOFILO INJETAVEL 1G,CeFAZolina,Cefazolina
MetoTREXATO SOLUCAO INJETAVEL 100MG/ML 50ML##®,METOTREXATO,Metotrexato
ANTIRRABICO (SAR),IMUNOGLOBULINA ANTIRRABICA,Vírus rábico inativado
"Vick 44E (1,3+13,3)mg/mL Xpe 240mL (Não Padrão)",GUAIFENESINA + DEXTROMETORFANO,Dextrometorfano
ESCOPOLAMINA + DIPIRONA 5ML AMP,ESCOPOLAMINA + DIPIRONA,"Escopolamina, Dipirona"
Neozine 100 Mg Cp.,LEVOMEPROMAZINA (METOTRIMEPRAZINA),Levomepromazina
Apresolina 25mg Drg. ,HidrALAZINA,Hidralazina
Dorzolamida 20mg/ml + Timolol 5mg/ml Solução Oftálmica Frasco 5ml,DORZOLAMIDA + TIMOLOL (OFTALMICO),"Dorzolamida, Timolol"
Bactrin 400/80mg amp 5 ml (Sulfametoxazol 400 mg + Trimetoprima 80 mg),SULFAMETOXAZOL+TRIMETOPRIMA,Sulfametoxazol + Trimetoprima
MIRABEGRONA 50 mg,MIRABEGRONA,Mirabegrona
IMIPRAMINA 25MG COMPRIMIDO,IMIPRAMINA,Imipramina
VASopressina 20U Amp 1mL - Encrise,Vasopressina,Vasopressina
"Isossorbida, Mononitrato de 20mg CPR",ISOSSORBIDA,Mononitrato de Isossorbida
DOBUTAMINA 250MG/20ML - DILUIDO EM SF (MPP) - (UTIN),Dobutamina,Dobutamina
Acetato De Clostebol 5mg/g + Sulfato De Neomicina 5mg/g Creme Dermatológico 30g,CLOSTEBOL + NEOMICINA (TOPICO),"Acetato de Clostebol, Sulfato de Neomicina"
HIPO HIDRATAÇÃO FISIOLÓGICA 500ML,"CLORETO DE SODIO 0,9% (SORO FISIOLOGICO)",Cloreto de Sódio
MC: CECLOR BD 500MG ,ACIDO ASCORBICO (VITAMINA C),Cefaclor
"PELARGONIUM SIDOIDES 307,39 mg/ml",PELARGONIUM SIDOIDES,Pelargonium Sidoides
AGUA OXIGENADA 10 VOL ALMOTOLIA,AGUA OXIGENADA,Peróxido de Hidrogênio
"Tecnomet 2,5mg Cpr.",METOTREXATO,Metformina
Bilyt 300mg Cp (Med. Controlado) (Não Padrão),CARBONATO DE LITIO,Bicalutamida
CEFADROXILA CAP 500MG,cefadroxila,Cefadroxila
TIOPENTAL 1G - FR-AMP,TIOPENTAL,Tiopental
LANSOPRAZOL CAPSULA,LANSOPRAZOL,Lansoprazol
"Alphagan P 0,15% 1,5mg/mL Sol oftálmica 5mL (Não Padrão)",BRIMONIDINA (OFTALMICO),Brimonidina
OXACILINA SÓDICA 500MG – PÓ LIOFILIZADO - FRASCO-AMPOLA,OXACILINA SODICA,Oxacilina Sódica
"Ampicilina + Sulbactam 1g + 0,5g  Po Liofizado frasco-ampola",AMPICILINA SODICA + SULBACTAM,Ampicilina + Sulbactam
SOROTERAPIA - AGUA BIDESTILADA SOL INJ FR 500ML,AGUA DESTILADA,Água Bidestilada
Micofenolato de mofetila 50mg (NÃO PADRONIZADO),MICOFENOLATO MOFETIL,Micofenolato de mofetila
HUMULIN REG 100UI/ML-10ML FR/AMP SC/IV/IM-INSULINA HUMANA,INSULINA REGULAR,Insulina Humana
FUROSEMIDA SOLUCAO 10MG/ML 100ML,FUROSEMIDA,Furosemida
CISATRACÚRIO 2MG/ML 5ML,CISATRACURIO,Cisatracúrio
"Oxacilina 500mg, injetável",OXACILINA SODICA,Oxacilina
Dolutegravir 5mg cp. revestido,DOLUTEGRAVIR,Dolutegravir
Simeticona 75mg/mL Gts ,SIMETICONA,Simeticona
"CLONAZEPAM 2,5MG/ML",CLONAZEPAM,Clonazepam
FENOFIBRATO 250MG CPR,FENOFIBRATO,Fenofibrato
MitoXANtrona 20mg Inj.,MITOXANTRONA,MitoXANtrona
Fluconazol 200mg (2mg/ml) Bolsa 100ml - Halex Istar,FLUCONAZOL,Fluconazol
SUCCINATO SODICO DE HIDROCORTISONA 500MG (AMPOLA),HIDROCORTISONA SUCCINATO SODICO,Hidrocortisona
Alteplase 50mg Injetavel,ALTEPLASE,Alteplase
sulfato FERROSO (60MG DE FERRO ELEMENTAR),SULFATO FERROSO,Ferro
AMIODARONA 150MG/3ML AMP (DOSE DE MANUTENCAO),AMIODARONA,Amiodarona
DipiRONA SOLUCAO INJETAVEL 500MG/ML 2ML,DipiRONA,Dipirona
Módulo Lactopró - Probiatop Sachê 1 G ( Lactobacillus ),LACTOBACILLUS PARACASEI + LACTOBACILLUS RHAMNOSUS + LACTOBACILLUS ACIDOPHILUS + BIFIDOBACTERIUM LACTIS,Lactobacillus
PREGABALINA 75MG CPR,PREGABALINA,Pregabalina
PRAVASTATINA 10 mg,PRAVASTATINA,Pravastatina
IBUPROFENO 50MG/ML SOL ORAL FR 30ML (ALIVIUM),IBUPROFENO,Ibuprofeno
AMOXICILINA+CLAVULANATO 500 + 125 MG COMPRIMIDO,AMOXICILINA + CLAVULANATO POTASSIO,Amoxicilina + Clavulanato
Topiramato 50mg cp,TOPIRAMATO,Topiramato
CETILPERIDINO 25MG/ML SOLUCAO COLUTORIA DOSE 10 ML,CLORETO DE CETILPIRIDINIO,Cetilpiridínio
"Onicit NVPO 0,075mg/1,5mL Sol inj",PALONOSETRONA,Palonosetron
AGUA BIDESTILADA FRASCO C/ 1000ML,AGUA DESTILADA,Água
CETUXimabe 5mg/mL,CETUXIMABE,Cetuximabe
VORICONAZOL 200MG,VORICONAZOL,Voriconazol
LEVOMEPROMAZINA COMPRIMIDOS,LEVOMEPROMAZINA (METOTRIMEPRAZINA),Levomepromazina
FLUoxetina 20 MG COMPRIMIDO,FLUOXETINA,Fluoxetina
Perindopril 4mg Cp (Não Padrão),PERINDOPRIL ARGININA (PERINDOPRIL ERBUMINA),Perindopril
AZITromicina 500 mg comprimido revestido,AZITROMICINA,Azitromicina
PANTOprazol 40mg Frasco-ampola #,PANTOPRAZOL,Pantoprazol
CARBOplatina 10mg/ml 15ml sol. Inj - QT,CARBOPLATINA,Carboplatina
PredniSONA 5mg Comprimido - Ems,PredniSONA,Prednisona
"ESCITALOPRAM, OXALATO COMPRIMIDO C/10MG",ESCitalopram,Escitalopram
Empagliflozina 10 Mg Cp,empagliflozina ,Empagliflozina
MC: AAS 81MG ,ACIDO ACETILSALICILICO <200MG,Ácido Acetilsalicílico
Aldomet 500 Mg Cp.,METILDOPA,Metildopa
IODETO DE POTASSIO 200MG - XAROPE  FR 100 ML,IODETO POTASSIO,Iodeto de Potássio
GLIMEPIRIDA 4MG 30 CP CIMED GEN,GliMEPIRida,Glimepirida
DIGOXINA 0.25MG CPR,DIGOXINA,Digoxina
BROMOPRIDA 5MG/ML 2ML CARRO EMERG AD 02 TERREO,BROMOPRIDA,Bromoprida
benzilpenicilina BENZATINA 1200000UI PO LIOFILIZADO FA,BENZILPENICILINA BENZATINA,Benzilpenicilina Benzatina
Água,AGUA PARA INJECAO,Água
Escopolamina 10 mg/mL fr 20 mL,ESCOPOLAMINA (HIOSCINA),Escopolamina
Xylestesin 10% Fr 50 Ml Spray ( Lidocaína ),LIDOCAINA CLORIDRATO,Lidocaína
Tetralysal 300mg Cápsula,Limeciclina,Limeciclina
COMPLEXO PROTROMBINICO PO LIOFILO INJETAVEL 500UI+DILUENTE 20ML,COMPLEXO PROTROMBINICO,Complexo Protrombínico
SINvastatina 40MG CP,SINVASTATINA,Sinvastatina
TERLIPRESSINA ACETATO 1MG FR-AMP,TERLIPRESSINA,Terlipressina
OXACILINA 500MG (FRASCO) IV,OXACILINA SODICA,Oxacilina
LACTOBACILLUS ACIDOPHILUS+RHAMNOSUS+BIFIDOBACTERIUM+POLIDEXTROSE 1 g,LACTOBACILLUS ACIDOPHILUS + RHAMNOSUS + BIFIDOBACTERIUM + POLIDEXTROSE,"Lactobacillus Acidophilus, Rhamnosus, Bifidobacterium, Polidextrose"
FENOBARBITAL 100MG - COMPRIMIDO,FENOBARBITAL,Fenobarbital
"ESPIRAMICINA 1,5 MUI (500MG) COMPRIMIDO",ESPIRAMICINA,Espiramicina
CASSIA ANG.+CASSIA FIS.+TAMARIN.+CORIAN. CPR,CASSIA SENNA + CASSIA FISTULA + TAMARINDUS + CORIANDRUM + PERIANDRA,"Sene, Cássia e Tamarindo"
METOCLOPRAMIDA 5MG/ML C/2ML INJ,METOCLOPRAMIDA,Metoclopramida
"BICARBONATO DE SODIO 8,4% SOL. P/ HEMODIALISE FR 6,2L",BICARBONATO DE SODIO,Bicarbonato de Sódio
CARBAMAZEPINA CR 400MG COMPRIMIDO,CARBAMAZEPINA,Carbamazepina
TRIANCINOLONA (ACETONIDA) 1MG/G,TRIANCINOLONA (TOPICO),Triancinolona Acetonida
Trometamina Cetorolaco Sl 10mg cp,CETOROLACO DE TROMETAMINA,Cetorolaco de Trometamina
MC: FORXIGA 1CPCEDO ,DAPAGLIFLOZINA,Dapagliflozina
Imunoglobulina Humana 5g (10%) Frasco 50ml,IMUNOGLOBULINA HUMANA,Imunoglobulina Humana
LEVOFLOXACINO 5MG/ML 150ML SOL.INJ,LEVOFLOXACINO,Levofloxacino
SULFATO DE AMICACINA 250MG/ML - 2ML (500MG) – SOLUÇÃO INJETÁVEL - AMPOLA,AMICACINA ,Amicacina
Lidocaina 2% C/V 20 ml FA,LIDOCAINA CLORIDRATO,Lidocaina
METFORMINA 850 MG - COMP,METFORMINA,Metformina
REGENCEL( ACIDO RETINOICO + ASSOCIACOES ) POMADA OFTALMICA,ACIDO RETINOICO (TRETINOINA),Ácido Retinoico
CLORIDRATO DE METOCLOPRAMIDA 5MG/ML - 2ML (10MG) – SOLUÇÃO INJETÁVEL - AMPOLA,METOCLOPRAMIDA,Metoclopramida
NORVASC 5MG CPR,ANLODIPINO,Amlodipina
FOSFATO POTASSICO 10ML (2 MEQ/ML) AMP,FOSFATO DE POTASSIO,Fosfato de Potássio
Linezolida 600mg/300mL Sol inj,LINEZOLIDA,Linezolida
Tridil 25mg Inj. Ampola C/ 5ml,NitroGLICERINA,Nitroglicerina
Delabaxi (delafloxaxino) 300mg ampola,DELAFLOXACINO,Delafloxaxino
Tetraciclina 500 Mg Cp.,Tetraciclina,Tetraciclina
"DEXAMETASONA 10MG/2,5ML",DEXAMETASONA,Dexametasona
ZOLTEC 150MG CAPS GEL-FLUCONAZOL,FLUCONAZOL,Fluconazol
Akineton 2mg Cp.,BIPERIDENO,Biperideno
"DEXAmetasona 4mg/ml Amp 2,5ml",DEXAMETASONA,Dexametasona
DECADRON 4MG COMPRIMIDO,DEXAMETASONA,Dexametasona
FENITOINA 100MG - COMPRIMIDO,FENITOINA,Fenitoína
CefaLOTina 1G SOL INJ EV,Cefalotina,Cefalotina
CETOCONAZOL 20MG/G CREME,CETOCONAZOL (TÓPICO),Cetoconazol
BEVAcizumabe 400mg/16ml Fr-Amp (Convenio),BEVACIZUMABE,Bevacizumabe
"NEOSTIGMINA (0,5MG/1ML) 0.5 mg/mL",NEOSTIGMINA,Neostigmina
Acido Epsilon AMINOcaproico 4G SOL INJ,ACIDO AMINOCAPROICO,Ácido Epsilon Aminocapróico
FentaNILA 250MCG/5ML AMP,FENTANILA,Fentanila
"Vasopressina 20 U/ml, amp 20UI/ml",Vasopressina,Vasopressina
BuPROPiona Cloridrato 150mg cp,BuPROPiona,Bupropiona
AMOXICILINA SUSP ORAL 250MG/5ML FR 150ML,AMOXICILINA,Amoxicilina
DIMORF 10 MG/ML AMP 1 ML,SULFATO DE MORFINA,Morfina
ALBENDAZOL 40MG/ML SUSP. ORAL,ALBENDAZOL,Albendazol
LEVOFLOXACINO 750MG/100ML BOLSA,LEVOFLOXACINO,Levofloxacino
Olmesartana 40mg + HidroCLOROTiazida 25mg Comprimido Revestido,OLMESARTANA+ HIDROCLOROTIAZIDA,"Olmesartana, Hidroclorotiazida"
FAULDFLUOR 2500MG,FLUOROURACILA,Fluoreto de Sódio
Cinetol 5 Mg/ml Amp.,BIPERIDENO,Biperideno
fenoterol + ipratropio 0.05 + 0.02 mg/dose aerossol oral tubo 10mL,IPRAtropio +FENOTEROL,"Fenoterol, Ipratropio"
"IMATINIB, MESILATO 100MG COMPRIMIDO - NP",IMATINIBE,Imatinib
CLINDAMICINA 600MG/4ML,CLINDAMICINA,Clindamicina
"Olmesartana 20mg + HidroCLOROTiazida 12,5mg Comprimido Revestido",OLMESARTANA+ HIDROCLOROTIAZIDA,"Olmesartana, Hidroclorotiazida"
Monoetanolamina 50mg/mL inj. ampola c/ 2mL,OLEATO DE MONOETANOLAMINA,Monoetanolamina
"Clonazepam 20ml (2,5mg/ml) Gts",CLONAZEPAM,Clonazepam
"Lidocaína 50mg/g + Hidrocortisona Acetato 2,5mg/g + Alumínio 35mg/g + Óxido de Zinco 180mg/g Pomada Bisnaga 25g",LIDOCAINA + ACETATO DE HIDROCORTISONA + OXIDO DE ZINCO + SUBACETATO DE ALUMINIO (TOPICO),"Lidocaína, Hidrocortisona Acetato, Alumínio, Óxido de Zinco"
IRRITRATIL 200MG 60 CAP,TRIMEBUTINA,Hidróxido de Alumínio
Lidocaína 10% Spray 50ml | Solução Tópica,LIDOCAINA (TOPICO),Lidocaína
INSULINA LISPRO DERIVADA-ADN RECOMBINAN 100 UI/ML-MED RISCO,INSULINA LISPRO,Insulina Lispro
Dolutegravir Sódico 50 mg cp  revest.,DOLUTEGRAVIR,Dolutegravir
Floratil 200mg/g Env 1g (Não Padrão),SACCHAROMYCES BOULARDII,Saccharomyces boulardii
"Fenobarbital 200mg/2ml, injetável IV",FENOBARBITAL,Fenobarbital
Sotalol 160mg Cp,Sotalol,Sotalol
FUROSEMIDA 10MG/ML - 2ML – SOLUÇÃO INJETÁVEL - VIA ENDOVENOSA OU INTRAMUSCULAR - AMPOLA,FUROSEMIDA,Furosemida
DEXAmetasona 2mg (2mg/ml) Ampola 1ml,DEXAMETASONA,Dexametasona
ALBENDAZOL 400MG COMPRIMIDO,ALBENDAZOL,Albendazol
MEPERIDINA 100MG 2ML (CLOR.) - AMP.,PETIDINA (MEPERIDINA),Meperidina
Acetilcisteina-n 600 Mg/5g Env,ACETILCISTEINA,Acetilcisteína
BuPROPiona 50mg Cap (Med. Controlado) (Não Padrão),BuPROPiona,Bupropiona
Enalapril 1mg/mL Sol oral 100mL (Não Padrão),ENALAPRIL MALEATO,Enalapril
"DIGOXINA 0,25MG - COMPRIMIDO SULCADO",DIGOXINA,Digoxina
ACIDOS GRAXOS ESSENCIAIS (AGE)+TCM+VIT A+VIT E SOL FR 20ML,ACIDOS GRAXOS + RETINOL (VITAMINA A) + TOCOFEROL (VITAMINA E) (TOPICO),"Ácidos Graxos Essenciais, Triglicerídeos de Cadeia Média, Vitamina A, Vitamina E"
ERITROPOETINA SOL INJ 40000UI/ML SER SUBCUTANEO,ALFAEPOETINA (ERITROPOETINA),Eritropoetina
HIDROXIDO DE ALUMINIO 60MG/ML - SUSPENSAO - FRASCO 100ML,HIDROXIDO DE ALUMINIO,Hidróxido de Alumínio
DIAZEPAM 10MG (NP),DIAZEPAM,Diazepam
"MP - ADALImumabe 40mg/0,4ml Seringa",ADALImumabe,Adalimumabe
"Atrovent 0,25 Mg/ Ml Fr C/ 20 Ml ( Brometo de Ipratrópio )",IPRATROPIO,Brometo de Ipratrópio
SIMETICONA EMULSAO 75 MG / ML 15ML,SIMETICONA,Simeticona
SERETIDE FR SPRAY 25MCG/125MCG N.P.,SALMETEROL + FLUTICASONA,Salmeterol e Fluticasona
Cetuximab 100 mg/20 mL (Anticorpo Monoclonal),CETUXIMABE,Cetuximab
DIPROPIONATO DE BECLOMETASONA  - CLENIL SPRAY FR 250MCG N.P.,beclometasona,Dipropionato de Beclometasona
BENZOCAINA GEL 200 MG/G 12G (SABOR MENTA),BENZOCAINA,Benzocaína
"FLUMAZENIL 0,1MG / ML 5ML IV",FLUMAZENIL,Flumazenil
BENALET - PASTILHAS,DIFENIDRAMINA + AMONIO + CITRATO DE SODIO,"Difenidramina, Cloridrato de Amônio, Benzoato de Sódio"
"CLORIDRATO DE NAFAZOLINA 0,5 mg/ml",NAFAZOLINA,Nafazolina
AMOXICILINA+CLAVULANATO DE POTASSIO 500+125 MG,AMOXICILINA + CLAVULANATO POTASSIO,Amoxicilina + Clavulanato de Potássio
Glicinato férrico + associações Susp oral 120mL,GLICINATO FERRICO + CIANOCOBALAMINA (VITAMINA B12) + DEXPANTENOL (VITAMINA B5) + NICOTINAMIDA + NITRATO DE TIAMINA (VITAMINA B1) + RIBOFLAVINA (VITAMINA B2),Glicinato férrico
CISPLATINA 1MG/ML 50ML FA,CISPLATINA,Cisplatina
Metilcelulose 2% soluçao oftalmica - fr 10mL 20 mg/mL,METILCELULOSE (OFTÁLMICO),Metilcelulose
Valproato de Sódio 500mg,VALPROATO DE SODIO,Valproato de Sódio
SULFATO FERROSO 300MG (60MG DE FERRO ELEMENTAR) DRAGEA NP,SULFATO FERROSO,Sulfato Ferroso
Omeprazol 40mg FA,OMEPRAZOL,Omeprazol
Ácidos Graxos Essenciais Loção Hidratante Bisnaga 30g,ACIDOS GRAXOS ESSENCIAIS (TOPICO),Ácidos Graxos Essenciais
LOSARTAN 50MG COMP,LOSARTANA,Losartan
Digedrat 200mg Cap (Não Padrão),TRIMEBUTINA,Metoclopramida
Hidro-beta-metil-butirato (hmb) 3g Sachê - Manipulado,METILBUTIRATO,Hidroxi-Metil-Butirato
TROPINAL SOL ML,ESCOPOLAMINA + DIPIRONA,Hioscina
Finasterida 5mg cp,FINASTERIDA,Finasterida
"DENOSUMABE SOLUCAO INJETAVEL 120MG/1,7ML##®",DENOSUMABE,Denosumabe
FENOBARBITAL (800MG/ 20ML) 40 mg/mL,FENOBARBITAL,Fenobarbital
AloPURinol 100MG,AloPURinol,Alopurinol
AZITromicina 500MG VO,AZITROMICINA,Azitromicina
ETOPOSIDO 100MG QT,ETOPOSIDEO,Etoposido
DEXTROCETAMINA 50MG/ML - F/A 10ML,DEXTROCETAMINA (ESCETAMINA),Dextroanfetamina
DIPIRONA 500 MG COMP,DipiRONA,Dipirona
DOPamina 50MG / 10ML 10ML (MED. ALTO RISCO),DOPamina,Dopamina
DIAZEPAM 10MG/2ML SOL INJ IV,DIAZEPAM,Diazepam
REMINIL ER 24 MG (NP),galantamina ,Galantamina
Uso Dom.: PERIVASC 1000MG,DIOSMINA + HESPERIDINA,Ácido Aminocapróico
TRASTUzumabe 600mg/5mL,TRASTUZUMABE,Trastuzumabe
Prontosan Solução 350 ml,POLI-HEXANIDA,Poliaminoácido e Undecilenamidopropil Betaína
"Clindamicina, cloridrato de, 300 mg ",CLINDAMICINA,Clindamicina
DipiRONA 500mg/mL Frasco 20mL | Solução Oral,DipiRONA,Dipirona
Lisodren (Mitotano) 500mg comprimido,MITOTANO,Mitotano
FENITOINA 100MG COMP (HIDANTAL),FENITOINA,Fenitoína
GANciclovir 1mg/mL Sol Inj 100mL (bolsa),GANCICLOVIR,Ganciclovir
Protamina 1000UI/mL - 5mL,PROTAMINA,Protamina
FENOTEROL 5MG/ML (SOL P/ NEBULIZAÇÃO) - FR 20ML,FENOTEROL,Fenoterol
ACIDO ACETILSALICILICO 100MG,ACIDO ACETILSALICILICO <200MG,Ácido Acetilsalicílico
DipiRONA  INJETAVEL 2 ML 500 MG/ML AMP,DipiRONA,Dipirona
FITOMENADIONA (VIT K) 10MG/ML 1ML - USO IM,FITOMENADIONA (VITAMINA K),Fitomenadiona
Pomalidomida 4mg Cápsula,POMALIDOMIDA,Pomalidomida
IODO POVIDONA 5% SOL OFTALMICA,IODOPOVIDONA (OFTALMICO),Iodo Povidona
Biperideno 5 mg/mL amp 1 mL (Port344/98),BIPERIDENO,Biperideno
"BICARBONATO DE SODIO 8,4% 10ML",BICARBONATO DE SODIO,Bicarbonato de Sódio
FENOBARBITAL  40MG / ML GTS,FENOBARBITAL,Fenobarbital
Flagyl Nistatina Creme Vaginal Bisnaga 50g,METRONIDAZOL + NISTATINA (TOPICO),"Metronidazol, Nistatina"
Cefalexina 50mg/mL - 100mL,Cefalexina,Cefalexina
ACIDO ASCORBICO 100 MG/ML - 5ML (500 MG) - AMP,ACIDO ASCORBICO (VITAMINA C),Ácido Ascórbico
"Pegfilgrastim 6 mg solucao injetavel seringa 0,6 mL ",PEGFILGRASTIM,Pegfilgrastim
Levetiracetam 100 mg/mL sol. oral,LEVETIRACETAM,Levetiracetam
Dexalgen (Ampola I e II),DEXAMETASONA + DIPIRONA + HIDROXOCOBALAMINA,"Dexametasona, Cloridrato de Tiamina, Cloridrato de Piridoxina, Cianocobalamina"
Sulfato Ferroso 40mg comprimido,SULFATO FERROSO,Ferro
[MPP] SOL. GLICOSE 75% AMP 10 ML,SOLUCAO DE GLICOSE (SORO GLICOSADO),Glicose
ACIDO TRANEXAMICO 50MG/ML - AMP 5ML,ACIDO TRANEXAMICO,Ácido Tranexâmico
CIPROFLOXACINO CLORIDRATO COMPRIMIDO REVESTIDO 500MG,CIPROFLOXACINO  ,Ciprofloxacino
"Cloreto de potassio 60 mg/mL (0,6 meq/mL) fr 150 mL",CLORETO DE POTASSIO,Cloreto de potassio
ESCOPOLAMINA 10MG + DIPIRONA 250MG - COMPRIMIDO,ESCOPOLAMINA + DIPIRONA,"Escopolamina, Dipirona"
LIDOCAINA GELEIA 2%  5G(DOSADORA),LIDOCAINA (TOPICO),Lidocaína
"BRAVAN HCT 80MG/12,5MG 30 CP REV",VALSARTANA +HIDROCLOROTIAZIDA,Valsartana e Hidroclorotiazida
Terlipressina 1mg Frasco-ampola + Diluente Ampola 5ml,TERLIPRESSINA,Terlipressina
Protamina 1000ui/ml 5ml Amp,PROTAMINA,Protamina
OXCARBAZEPINA 300MG CP,OXCARBAZEPINA,Oxcarbazepina
CETOPROFENO 50 MG CAPSULA,CETOPROFENO,Cetoprofeno
"ELIQUIS 2,5MG 20 CP REV",APIXABANA,Apixabana
"CloNIDina 0,100mg cp.",CLONIDINA,Clonidina
"Fenoterol 0,5% FR 20 mL",FENOTEROL,Fenoterol
Succinato De Metoprolol 50mg Cp,METOPROLOL SUCCINATO,Metoprolol
Ciprofloxacino 500mg Cp.,CIPROFLOXACINO  ,Ciprofloxacino
metoclopramida 10 mg comprimido,METOCLOPRAMIDA,Metoclopramida
COBALAMINA CRONOATIVA 5 mg/mL,CIANOCOBALAMINA (VITAMINA B12),Cobalamina
Aciclovir 250MG SOL.INJ,ACICLOVIR,Aciclovir
COMPL. VITAM. A+B ADULTO - POLIVITAMINICOS,POLIVITAMINICO,Vitaminas A e B
Atorvastatina 10mg Comprimido,ATORVASTATINA,Atorvastatina
ASPARTATO DE ARGININA 500 mg,ARGININA,Aspartato de Arginina
ClorproMAZINA CLORIDRATO SOLUCAO ORAL 40MG/ML 20ML @,ClorproMAZINA,Clorpromazina
"SORO FISIOLOGICO 0,9% 500ML - SOROTERAPIA","CLORETO DE SODIO 0,9% (SORO FISIOLOGICO)",Cloreto de Sódio
Flutamida 250mg Cpr,FLUTAMIDA,Flutamida
"BETAmetasona 0,5mg/g + Gentamicina 1mg/g Creme Bisnaga 30g - Medley",GENTAMICINA + BETAMETASONA (TOPICO),"Betametasona, Gentamicina"
HEMITARTARATO DE ZOLPIDEM 10 mg,ZOLPIDEM,Zolpidem
Antara EV (LevETIRAcetam) 100 mg/mL 5 mL INJETÁVEL,LEVETIRACETAM,Levetiracetam
Hidróxido de Alumínio + Magnésio + Simeticona Fr susp. 240 ml,HIDROXIDO DE ALUMINIO + HIDROXIDO DE MAGNESIO + SIMETICONA,"Hidróxido de Alumínio, Magnésio, Simeticona"
Iressa 250 mg cp (QT),GEFITINIBE,Gefitinib
Ciprofloxacino 400mg Inj. Frasco C/ 200ml,CIPROFLOXACINO  ,Ciprofloxacino
Fenoterol 100mcg/dose Frasco 200doses/10mL Inalação Oral Aerosol,FENOTEROL,Fenoterol
QUETIAPINA 25 mg cpr,QUEtiapina,Quetiapina
TC HISC - SEVOFLURANO 1ML/ML SOLUCAO INALATORIA FR 250ML,SEVOFLURANO,Sevoflurano
ZOLPIDEM COMP 10MG,ZOLPIDEM,Zolpidem
Lokelma 5g Env (Não Padrão),CICLOSSILICATO DE ZIRCONIO SODICO,Saxagliptina
IRRITRATIL 200MG 30 CAP GELAT MOLE,TRIMEBUTINA,Butilbrometo de Escopolamina
LACTULONA 667MG/ML XAROPE 120ML FR,LACTULOSE,Lactulose
Ginkgo Biloba Comprimido 80mg,GINKGO,Ginkgo Biloba
Diclofenaco sódico 50mg Cp rev lib retard,DICLOFENACO SODICO,Diclofenaco sódico
"ESCOPOLAMINA 20MG + DIPIRONA 2,5G (BUSC.COMPOSTO)",ESCOPOLAMINA + DIPIRONA,"Escopolamina, Dipirona"
Solução Glicofisiológico 1:1 Frasco 500ml,SOLUCAO GLICOFISIOLOGICA (CLORETO DE SODIO + GLICOSE),"Cloreto de sódio, glicose"
Naropin 1% (10mg/ml) Ampola 20ml #,ROpivacaina,Ropivacaína
Agomelatina Comprimido Revestido 25mg,AGOMELATINA,Agomelatina
HEMI. DE NOREPinefrina 2MG/ML SOL. INJETAVEL AMP 4ML,NOREPINEFRINA (NORADRENALINA),Norepinefrina
Gabapentina 400mg Cap (Med. Controlado) (Não Padrão),GABAPENTINA,Gabapentina
DIAZEPAM 5MG/ML - AMP. 2ML (DIEMPAX) (ADULTO) - MPP,DIAZEPAM,Diazepam
DOCETAXEL,DOCETAXEL,Docetaxel
GABAPENTINA 300MG (MPP),GABAPENTINA,Gabapentina
Atenolol 25mg cpr,ATENOLOL,Atenolol
BENZILPENICILINA POTASSICA 5.000.000 UI - FA,BENZILPENICILINA POTASSICA (CRISTALINA),Benzilpenicilina Potássica
HIDROCORTISONA 100MG,HIDROCORTISONA SUCCINATO SODICO,Hidrocortisona
ACETATO DE TOCOFEROL (E)+COLECALCIFEROL(D)+ VIT A (PURAVIT),TOCOFEROL (VITAMINA E) + COLECALCIFEROL (VITAMINA D) + RETINOL (VITAMINA A)VITAMINA A,"Acetato de Tocoferol, Colecalciferol, Vitamina A"
FUROSEMIDA 40MG CP,FUROSEMIDA,Furosemida
"AZTREONAM FA 1,0G PO INJ - AZANEM (NP)",AZTREONAM,Aztreonam
OSCAL (CARBONATO DE CALCIO) 500MG COMP,CARBONATO DE CALCIO,Carbonato de Cálcio
QT PREDNISONA 20 MG CPR,PredniSONA,Prednisona
NIMODIPINA 30 MILIGRAMAS (COMPRIMIDO),NiMODipino,Nimodipina
HIDROCORTISONA 1% CREME - 30G,ACETATO DE HIDROCORTISONA (TOPICO),Hidrocortisona
SALMETEROL + FLUTICASONA SPRAY 25/125MCG FR,SALMETEROL + FLUTICASONA,"Salmeterol, Fluticasona"
Zetia 10mg Comprimido,EZETIMIBA,Ezetimiba
Euthyrox 175mcg Comprimido,LevoTIROXina,Levotiroxina sódica
Zolpiden 10mg Cp.,ZOLPIDEM,Zolpidem
(ALTA VIGILÂNCIA) GLUCONATO CALCIO 10% 10mL 100 mg/mL,GLUCONATO DE CALCIO,Gluconato de Cálcio
ACETILCISTEINA GRANULADO 600MG HDJB,ACETILCISTEINA,Acetilcisteína
CEFALEXINA 500MG CPR                      ,Cefalexina,Cefalexina
LEUPRORRELINA ACETATO PO LIOFILO INJETAVEL 45MG + SERINGA DILUENTE ##,LEUPRORRELINA,Leuprorrelina
MEROpenem 1g Frasco-ampola - ABL,MEROPENEM,Meropenem
"Proximetacaina 5,0mg/mL - 5mL (Anestalcon)",PROXIMETACAINA (OFTALMICO),Proximetacaina
Neozine (LevoMEPROmazina) 25mg Comprimido,LEVOMEPROMAZINA (METOTRIMEPRAZINA),Levomepromazina
"VENLAFAXINA 37,5mg COMP **",VENLAFAXINA ,Venlafaxina
"CLORETO DE SODIO 0,9% 250ML, SISTEMA FECHADO","CLORETO DE SODIO 0,9% (SORO FISIOLOGICO)",Cloreto de Sódio
"DIGOXINA 0,25 mg",DIGOXINA,Digoxina
SEVORANE,SEVOFLURANO,Sevoflurano
montelucaste 4 mg comprimido mastigavel,MONTELUCASTE,Montelucaste
Prostokos 25 mcg  cp vag,Misoprostol,Misoprostol
MEGAPEN 5.000.000 FR/AMP INTRAMUSCULAR,BENZILPENICILINA POTASSICA (CRISTALINA),Ampicilina
LIDOCAINA 2% S/V FR 20ML,LIDOCAINA CLORIDRATO,Lidocaína
NITROGLICERINA 25MG/5ML - SG - (DVA-MPP),NitroGLICERINA,Nitroglicerina
CefOTAXima 1000mg FA,CEFOTAXIMA,Cefotaxima
OXIDO DE ZINCO + NISTATINA 200MG+100.00UI/G POMADA 60G,NISTATINA + OXIDO DE ZINCO (TOPICO),Óxido de Zinco + Nistatina
VINORELBINA 30MG CAPS,TARTARATO DE VINORELBINA,Vinorelbina
LOTAR 5/100MG 30 CAP,ANLODIPINO + LOSARTANA,Losartana Potássica / Atenolol
ALENIA 12/400MCG,FORMOTEROL,Budesonida + Formoterol
OXALiplatina 100 mg fr amp (QT),OXALIPLATINA,Oxaliplatina
VACINA ABELHA (HIMENOPTEROS) - 1:10 (10 mcg/ml),VACINA ABELHA,Extrato de Abelha
CLORIDRATO DE PAPAVERINA 50MG/ML AMP 2ML,PAPAVERINA,Papaverina
CLENIL HFA 200 MCG,beclometasona,Beclometasona
Sucralfato 2g Flaconete 10ml,SUCRALFATO,Sucralfato
SOLUCAO INSULINA ENDOVENOSA,INSULINA HUMANA NPH,Insulina
Atenolol 25mg cp,ATENOLOL,Atenolol
MC: ETNA,CITIDINA  + URIDINA + HIDROXOCOBALAMINA,Etna
Mononitrato De Isossorbida 20mg Cp.,ISOSSORBIDA,Isossorbida
"CLONIDINA 0,1MG COMP",CLONIDINA,Clonidina
Benzoilmetronidazol 40mg/ml (25mg/ml de metronidazol) Fr. 80ml,BENZOILMETRONIDAZOL,Metronidazol
amOXICIlina (SODICA) PO P/ SUSP ORAL 250MG/5ML - FR 150ML,AMOXICILINA,Amoxicilina
Aciclovir 250 MG -  EV,ACICLOVIR,Aciclovir
SULPIRIDA 200 MG CMP,SULPIRIDA,Sulpirida
RIVAROXABANA 20  mg,RIVAROXABANA,Rivaroxabana
Ambrisentana 10mg Comprimido Revestido,AMBRISENTANA,Ambrisentana
ERITROMICINA 1G ,ERITROMICINA,Eritromicina
ALBENDAZOL SUSP ORAL (10ML) 40 mg/mL,ALBENDAZOL,Albendazol
QUEtiapina 25MG CPREV,QUEtiapina,Quetiapina
Azul de Metileno 2% (20mg/ml) Ampola 5ml - Manipulado,AZUL DE METILENO (CLORETO DE METILTIONINIO),Azul de Metileno
Fenitoina Sodica 50mg/ml Amp 5ml,FENITOINA,Fenitoína
EPINEFrina 1mg/mL - 1mL,ADRENALINA (EPINEFRINA),Epinefrina
METOCLOPRAMIDA INJETAVEL - 2 ML 5 MG/ML AMP,METOCLOPRAMIDA,Metoclopramida
DIPROPIONATO DE BECLOMETASONA 200MCG 200 DOSES FR10ML (NP),beclometasona,Dipropionato de Beclometasona
ALOPURINOL 300MG COMP,AloPURinol,Alopurinol
Divelol Comprimido 25mg,CarVEDilol,Carvedilol
IOXITALAMATO DE MEGLUBINA 300MG FR.50ML (TELEBRIX MEGLUBINA),IOXITALAMATO DE MEGLUMINA,Ioxitalamato de Meglubina
PIRIMETAMINA 25MG CP,PIRIMETAMINA,Pirimetamina
HIDRALAZINA 50 MG DRAGEA,HidrALAZINA,Hidralazina
RHODIOLA ROSEA 400 mg,RHODIOLA ROSEA,Rhodiola Rosea
CETOPROFENO 100MG IV - FR AMP,CETOPROFENO,Cetoprofeno
SulfADIAZINA DE PRATA 10MG/G CREME TUBO 50G,SULFADIAZINA DE PRATA (TÓPICO),Sulfadiazina de Prata
Doxopeg  20 mg/10 mL fr amp (QT),DOXORRUBICINA  CLORIDRATO,Doxorrubicina
BuPROPiona 150mg,BuPROPiona,Bupropiona
PROGRAF 5MG COMP - TACROLIMUS (NP),TACROLIMO,Tacrolimus
OMEPRAZOL 20MG,OMEPRAZOL,Omeprazol
"DUTAM 0,5MG + 0,4MG (NP)",TANSULOSINA + DUTASTERIDA,Dutasterida + Tansulosina
CEFALEXINA SUSP. ORAL 50 MG/ML FR,Cefalexina,Cefalexina
"Clorexidina Gluconato 0,12% Sol. Bucal Fr. 1000mL",CLOREXIDINA,Clorexidina Gluconato
NIFEDIPINA 10MG COMP,NIFEDIPINO,Nifedipina
Ticagrelor 90mg cp,TICAGRELOR,Ticagrelor
Depakene 50mg/ml Xarope Frasco 100ml - Dose,ACIDO VALPROICO (VALPROATO DE SODIO),Ácido valproico
MC: CILOSTAZOL 50MG ,Cilostazol,Cilostazol
Dexametasona 4mg Cp.,DEXAMETASONA,Dexametasona
CEFAZOLINA 1G (FRASCO AMPOLA) IV,CeFAZolina,Cefazolina
CARBAMAZEPINA 100MG/5ML P/ML SOL ORAL,CARBAMAZEPINA,Carbamazepina
LOPINAVIR 200 MG + RITONAVIR 50 MG 250 MG CMP,LOPINAVIR + RITONAVIR,Lopinavir + Ritonavir
Tramadol 100mg (Retard) ,TRAMADOL CLORIDRATO,Tramadol
Isordil SL 5 mg comp (RQ),ISOSSORBIDA,Isossorbida
NITROGLICERINA 5MG/ML 10ML INJ,NitroGLICERINA,Nitroglicerina
Bromoprida 4mg/ml Gotas Fr 20ml,BROMOPRIDA,Bromoprida
Pomada Lubrificante com Lanolina Tb. 5g,LANOLINA (TOPICO),Lanolina
MC: FUROSEMIDA 40MG ,FUROSEMIDA,Furosemida
LORazepam 2mg Cp (Med. Controlado) ,LORAZEPAM,Lorazepam
SORO GLICOSADO 5% 500 ML,SOLUCAO DE GLICOSE (SORO GLICOSADO),Glicose
CLOR. DE CEFEPIMA 1G PO LIOFILIZADO FA,CEFEPIMA,Cefepima
"Ecofilm 0,5% 5mg/mL Sol oftálmica 15mL (Não Padrão)",CARMELOSE SODICA(CARBOXIMETILCELULOSE SODICA) (OFTÁLMICO),Ecabet
"DEXAmetasona 0,1% CREME 10G BSN",DEXAmetasona (tópico),Dexametasona
CloNAZepam 2mg Cp,CLONAZEPAM,Clonazepam
LEXAPRO 10MG 60 CP REV C1,ESCitalopram,Escitalopram
CLORIDRATO DE DULOXETINA 30 MG,Duloxetina,Duloxetina
TARTARATO DE METOPROLOL 1MG/ML 5ML (5MG) - SOLUÇÃO INJETÁVEL - AMPOLA,METOPROLOL TARTARATO,Metoprolol
SIROLIMUS 2MG - DRAGEA,SIROLIMO,Sirolimus
"LEUPRORRELINA 3,75MG/ML",LEUPRORRELINA,Leuprorrelina
Glicose 10% Bolsa 1000ml - Beker,SOLUCAO DE GLICOSE (SORO GLICOSADO),Glicose
MPP:  LEVODOPA 100 MG + BENSERAZIDA 25 MG,LEVODOPA + BENSERAZIDA,Levodopa + Benserazida
DONEPEZILA 10 MG (NP),DONEPEZILA,Donepezila
Fauldfluor 2500mg (50mg/ml) Frasco-ampola 50ml,FLUOROURACILA,Fluorouracil
DUPIXENT 300MG 2 S PX2ML150MG/ML GELAD,DUPILUMABE,Dupilumabe
Placebo/Bemarituzumab 20mg/mL Sol inj 20mL (Pesquisa Clínica),BEMARITUZUMAB,Bemarituzumab
Topiramato 25mg Cp.,TOPIRAMATO,Topiramato
Enzyfor (Lactase) sachê ,LACTASE,Lactase
PERMANGANATO DE POTASSIO - COMPRESSAS SOLUCAO 1:10000,PERMANGANATO DE POTASSIO (TOPICO),Permanganato de Potássio
Oleo mineral Fr. 100mL,OLEO MINERAL,Óleo Mineral
"Alfast 0,544mg/ml Amp/5ml Inj.",ALfentanila,Alprostadil
ENOXAparina 40MG (ALTA VIGILÂNCIA),ENOXAPARINA SODICA,Enoxaparina
ARIPIPRAZOL 15 mg,ARIPIPRAZOL,Aripiprazol
CLINDAMICINA 600MG SOL. INJ.,CLINDAMICINA,Clindamicina
Ondansetrona 8 mg/4 mL amp,ONDANSETRONA,Ondansetrona
"CLORETO DE POTASSIO 19,1% EV BI - (MEDICAMENTO DE RISCO)",CLORETO DE POTASSIO,Cloreto de Potássio
"SORO FISIOLOGICO 0,9% 50ML","CLORETO DE SODIO 0,9% (SORO FISIOLOGICO)",Cloreto de Sódio
Dimorf 10mg Cp.,SULFATO DE MORFINA,Morfina
FITOMENADIONA 10 MG/ML SOLUCAO INJETAVEL AMPOLA 1 ML,FITOMENADIONA (VITAMINA K),Fitomenadiona
IMATINIBE 400MG CP,IMATINIBE,Imatinibe
Celestone Soluspan Ampola 1ml,ACETATO DE BETAMETASONA + FOSFATO DISSODICO DE BETAMETASONA,Betametasona
"HEPARINA  SODICA  SUB CUTANEA  0,25 ML 5000 UI AMP",Heparina,Heparina Sódica
Lasix Amp. 20 Mg/2 Ml ( Furosemida ),FUROSEMIDA,Furosemida
POLIMIXINA B 500.000UI,POLIMIXINA B SULFATO,Polimixina B
FLUNARIZINA 10MG COMP,FLUNARIZINA,Flunarizina
"ESCOPOLAMINA 6,67MG/ML+ DIPIRONA 333,4MG SOL.ORAL - FR 20ML",ESCOPOLAMINA + DIPIRONA,"Escopolamina, Dipirona"
N-ACETILCISTEINA 600MG D ENV,ACETILCISTEINA,N-Acetilcisteína
Pamidronato 90 mg inj.,PAMIDRONATO (ACIDO PAMIDRONICO),Pamidronato
FERRO III 500MG 50MG/ML 10ML SOL.INJ FERRINJECT,FERRIPOLIMALTOSE (FERRO HIDROXIDO SACARATO),Ferro III
POLIMIXINA B 500.000UI (UTI - 3 FRASCOS AMPOLA/DOSE),POLIMIXINA B SULFATO,Polimixina B
Vancomicina 50mg/ml Colírio Fortificado Frasco 5ml - Manipulado,VANCOMICINA (OFTÁLMICO),Vancomicina
Brometo de N-butilescopolamina + Dipirona  amp 5 ml,ESCOPOLAMINA + DIPIRONA,"Brometo de N-butilescopolamina, Dipirona"
"DOBUTAMINA 12,5MG/ML - AMP 20ML",Dobutamina,Dobutamina
MC: EDISTRIDE 10 ,DAPAGLIFLOZINA,Empagliflozina
Cefuroxima Axetil 500mg cp,AXETILCEFUROXIMA,Cefuroxima Axetil
NICOTINA 21MG ADESIVO,NICOTINA (TRANSDERMICO),Nicotina
Diclofenaco sódico 25mg/mL inj. ampola c/ 3mL,DICLOFENACO SODICO,Diclofenaco sódico
"DOBUTAMINA 250MG/20ML INJ + SF 0,9% 250ML",Dobutamina,Dobutamina
BROMOPRIDA 10MG/2ML AMP 2ML,BROMOPRIDA,Bromoprida
"DEXAMETASONA 0,1% CREME BISNAGA 10G",DEXAmetasona (tópico),Dexametasona
Biotina 10mg/mL Sol oral 30mL (Não Padrão),BIOTINA (VITAMINA B7),Biotina
CAPTOPRIL 25 MG COMPRIMIDO,CAPTOPRIL,Captopril
Cetoprofeno 50mg caps,CETOPROFENO,Cetoprofeno
"Acetato de Fludrocortisona 0,1mg cp",FLUDROCORTISONA,Fludrocortisona
MISOPROSTOL 25MCG - COMPRIMIDO VAGINAL,Misoprostol,Misoprostol
MICAFUNGINA 100MG,MICAFUNGINA,Micafungina
DIAZEPAM 10MG - COMP,DIAZEPAM,Diazepam
Racecadotrila 30mg Sache,RACECADOTRILA,Racecadotrila
FLUCONAZOL 200 MG FR 100 ML,FLUCONAZOL,Fluconazol
Vaselina Pomada 20g,VASELINA,Vaselina
MC: BACTRIM 40080MG ,SULFAMETOXAZOL+TRIMETOPRIMA,Sulfametoxazol e Trimetoprima
LEVEMIR FlexPen 100 UI/mL Sol inj 3mL (caneta) (Alta Vigilância),INSULINA DETEMIR,Insulina detemir
SACARATO OXIDO FERRICO (100MG Ferro elementar)  AMP 5ML 20 mg/mL,FERRIPOLIMALTOSE (FERRO HIDROXIDO SACARATO),Sacarato de óxido férrico
Nitrofurantoína 100mg Cp,NITROFURANTOINA,Nitrofurantoína
PYLORIPAC 14 BLISTER,CLARITROMICINA + AMOXICILINA + LANSOPRAZOL,"Clarithromycin, Amoxicilina, Lansoprazol"
Combiron Gotas Fr. 30mL,GLICINATO FERRICO + CIANOCOBALAMINA (VITAMINA B12) + DEXPANTENOL (VITAMINA B5) + NICOTINAMIDA + NITRATO DE TIAMINA (VITAMINA B1) + RIBOFLAVINA (VITAMINA B2),Ferro + Ácido Fólico
"MOXifloxacino, CLORIDRATO DE 400MG/250ML - EV",MOXIFLOXACINO,Moxifloxacino
"CLONAZEPAM 2,5 MG/ML FR (RIVOTRIL)",CLONAZEPAM,Clonazepam
"Deltametrina 0,2mg/mL -100mL Loção",DELTAMETRINA (TOPICO),Deltametrina
Resolor 1mg Comp. Revestido,PRUCALOPRIDA,Prucaloprida
CETAMINA (dextrogira)/ESCETAMINA EV/IM AMP 10ML 50 mg/mL,CETAMINA,Cetamina
TIOSSULFATO DE SODIO SOLUCAO INJETAVEL 250MG/ML (25%) 10ML ,TIOSSULFATO DE SODIO,Tiossulfato de Sódio
"DEXAMETASONA 4MG/ML 2,5ML AMP EUROFARMA             ",DEXAMETASONA,Dexametasona
Cranberry 500mg Cap (Não Padrão),CRANBERRY (CRANBERRIES),Cranberry
Fenitoina 20mg/mL 60mL FR gotas (manipulado),FENITOINA,Fenitoína
MORFINA 30 MG COMPRIMIDO *NP,SULFATO DE MORFINA,Morfina
CARBONATO DE LÍTIO 300 MG COMP,CARBONATO DE LITIO,Carbonato de Lítio
METOPROLOL SUCCINATO 50 MG CMP,METOPROLOL SUCCINATO,Metoprolol
HIDRATACAO S.G. 5% 250ML+NACL10%+KCL10%+GLUC.CA10%+GLIC.50%,CLORETO DE POTASSIO + CLORETO DE MAGNESIO + CLORETO SODIO + GLICONATO DE SODIO + ACETATO DE SODIO,"Soro glicosado, cloreto de sódio, cloreto de potássio, gluconato de cálcio, glicerol"
DEXTROCETAMINA 50MG/ML SOL INJ EV 2ML,DEXTROCETAMINA (ESCETAMINA),Dextrocetamina
VARFARINA SÓDICA 5MG CP,VARFARINA SODICA,Varfarina Sódica
CEFEPIMA 1G/10ML FA (MAXCEF) (INFANTIL)ENDOVENOSO,CEFEPIMA,Cefepima
Doxazosina 2 mg cpr,DOXAZOSINA,Doxazosina
IMAtinibe 400 mg cap (QT),IMATINIBE,Imatinibe
Omnaris 50mcg/dose Susp nasal spray (120 doses) (Não Padrão),CICLESONIDA,Ciclesonida
MIDAZOLAM SOLUCAO INJETAVEL 5MG/ML 3ML @,MIDAZOLAM,Midazolam
MEROPENEM 1G - Infantil,MEROPENEM,Meropenem
"AFLIBERCEPTE 40MG/ML 0,05 ML INTRAVITRIA",AFLIBERCEPTE,Aflibercepte
Ácido Tranexâmico 250mg Comprimido  - Ems,ACIDO TRANEXAMICO,Ácido Tranexâmico
SOLUCAO PURA DE PROPOFOL (10MG/ML) - MPP,PROPOFOL,Propofol
Vitamina do complexo B - Drageas,VITAMINAS DO COMPLEXO B,Complexo de Vitaminas B
Adiloz 600mg Cpr Rev,LINEZOLIDA,Ibuprofeno
ACEBROFILINA 50MG/5ML SOLUÇÃO ORAL,AMBROXOL (ACEBROFILINA),Acebrofilina
Amoxicilina 250mg/5ml Susp. Oral Frasco C/ 150ml *,AMOXICILINA,Amoxicilina
OLEO DE GIRASSOL 2% - 50GR - NP,OLEO DE GIRASSOL (TOPICO),Óleo de Girassol
UTROGESTAN (PROGESTERONA) 200MG COMP,PROGESTERONA,Progesterona
MEDICAMENTO NAO CADASTRADO  ,MEDICAMENTO NAO CADASTRADO,"Não é possível identificar a substância ativa, pois o medicamento não está cadastrado."
ANFORTERICINA B 50MG - PÓ PARA SOLUÇÃO INJETÁVEL - VIA ENDOVENOSA - FRASCO AMPOLA,ANFOTERICINA B DESOXICOLATO (NORMAL),Anfotericina B
SORO RINGER LACTATO C/ 500ML (SOROTERAPIA),(RINGER LACTATO) CLORETO DE SODIO+CLORETO DE POTASSIO+CLORETO DE CALCIO+LACTATO DE SODIO,Lactato de Ringer
"Isossorbida, dinitrato 10mg cp.",ISOSSORBIDA,Dinitrato de isossorbida
DISFOSTATO DE CLOROQUINA 150MG COMP,CLOROQUINA,Cloroquina
(Do paciente ) Espironolactona 100 mg cap,ESPIRONOLACTONA,Espironolactona
SUPOSITORIO DE GLICERINA ADULTO,GLICERINA (RETAL),Glicerina
"Gyno Iruxol 0,6 UI/g + 10 mg/g Pomada Ginecológica Bisnaga 30g",COLAGENASE+CLORANFENICOL (TOPICO),Colagenase + Cloranfenicol
DULoxetina 30mg/ml - Frasco 30ml - Manipulado,Duloxetina,Duloxetina
VALIUM 10MG 30 CP B1,DIAZEPAM,Diazepam
"Guaco herbarium 0,5mL/5mL Xpe 120mL (Não Padrão)",MIKANIA GLOMERATA,Extrato de Guaco
ALBUMINA HUMANA 20% 50ML IV,ALBUMINA HUMANA,Albumina Humana
GANciclovir 500 mg fr/amp,GANCICLOVIR,Ganciclovir
Lenvima 4mg Cápsula Dura,LENVATINIBE,Lenvatinibe
DimeniDRINATO IM 50MG+ VIT B6 50MG AMP 1ML  ,DIMENIDRINATO + PIRIDOXINA(B6),Dimenidrinato
TRAStuzumabe 440MG SOL. INJ,TRASTUZUMABE,Trastuzumabe
AMPICILINA PO PREPARACAO EXTEMPORANEA 50MG/ML 60ML,AMPICILINA,Ampicilina
"MitoMIcina 0,03% Frasco-ampola",MITOMICINA,Mitomicina
LORazepam 1mg Cap (Med. Controlado) (Não Padrão),LORAZEPAM,Lorazepam
Cardizem SR 90mg Cápsula de Liberação Prolongada,DILTIAZEM,Diltiazem
"FOSFATO TRIBASICO DE CALCIO 12,9% 100ML ",FOSFATO DE CALCIO TRIBASICO + COLECALCIFEROL,Fosfato Tribásico de Cálcio
TIGECICLINA 50MG/5ML PO LIOFILIZADO FR AMP,TIGECICLINA,Tigeciclina
CLOR.METFORMINA 500MG 30CP PRATI GEN,METFORMINA,Metformina
CETAMINA SOL INJ 500MG/10ML,CETAMINA,Cetamina
AMPICILINA CAPSULA 500 mg,AMPICILINA,Ampicilina
"FENTANILA 0,5 MG - AMPOLA 10ML SEM CONSERVANTE",FENTANILA,Fentanila
Fitoscar 60mg/g Pomada Bisn. 50g,STRYPHNODENDRON ADSTRINGENS,Centella asiatica
ALPROSTADIL 20 MCG/ML 1ML AMP,ALPROSTADIL (PROSTAGLANDINA E1),Alprostadil
CEFAZOLINA 1G FR AMP - UTIN,CeFAZolina,Cefazolina
MONOCORDIL 40MG CP,ISOSSORBIDA,Mononitrato de Isossorbida
"Candesartana Cilexetila 16mg + hidroCLOROTiazida 12,5mg Comprimido",CANDESARTANA + HIDROCLOROTIAZIDA,"Candesartana Cilexetila, Hidroclorotiazida"
LOSARTANA 50 MG COMPRIMIDO,LOSARTANA,Losartana
Fosfato Dissodico de Dexametasona 2mg/ml 1ml,DEXAMETASONA,Dexametasona
CLORIDRATO DE PROMETAZINA COMP C/25MG,PROMETAZINA,Prometazina
SOLUCAO HEPARINA (50UI/mL) - 100mL  ALTA VIGILANCIA,Heparina,Heparina
Coltrax 4mg/2ml  amp 2 ml,TIOCOLCHICOSIDEO,Tiocolchicosídeo
BROMAZEPAM 3MG CP,BROMAZEPAM,Bromazepam
Hidantal 100mg Comprimido,FENITOINA,Fenitoína
AGUA BIDESTILADA AMP 10 ML,AGUA DESTILADA,Água bidestilada
METOPROLOL (TARTARATO) 10MG/ML 30 ML FR,METOPROLOL TARTARATO,Metoprolol
MPP:  TEGRETOL 200MG (CARBAMAZEPINA),CARBAMAZEPINA,Carbamazepina
Solução Fosfato Para Preparo Intestinal Frasco 45ml - Manipulado,FOSFATO DE SODIO,Fosfato de sódio
Morfina Sulfato 10mg Injetavel - Ampola Com 1ml,SULFATO DE MORFINA,Morfina
Albendazol 400mg comprimido,ALBENDAZOL,Albendazol
AnLODIPina 5mg cp,ANLODIPINO,Anlodipina
MEDICAMENTO DO PACIENTE,MEDICAMENTO DO PACIENTE,"Desculpe, mas você não forneceu o nome de um medicamento específico. Por favor, forneça o nome de um medicamento para que eu possa identificar a substância ativa mais provável."
"EXElon Patch 15cm (13,3mg/24h) Adesivo (Med. Controlado)",RIVASTIGMINA,Rivastigmina
EMULSAO AGAR-AGAR 50ML,AGAR-AGAR,Agar-Agar
BROM. DE ROCURONIO 10MG/ML SOL. INJETAVEL FA 10ML,ROCURONIO,Rocurônio
Norvasc 5mg Cp (Não Padrão),ANLODIPINO,Amlodipina
Deflazacorte 6mg Cp,DEFLAZACORTE,Deflazacorte
ARIPIPRAZOL COMPRIMIDO 10MG @,ARIPIPRAZOL,Aripiprazol
LEVOTIROXINA SODICA 50MCG/1ML SUSPENSAO,LevoTIROXina,Levotiroxina Sódica
"IODOPOVIDONA 2,5% COLÍRIO 5ML 25 MG/ML FR",IODOPOVIDONA (OFTALMICO),Iodopovidona
HIDROXIZINA CLORIDRATO 2MG/ML 120ML XAROPE,HIDROXIZINA,Hidroxizina
"TERLIPRESSINA  5 ML ,2 MG/ML FRA",TERLIPRESSINA,Terlipressina
BUDESONIDA  50MCG AEROSOL ORAL,BUDESONIDA,Budesonida
"FLUMAZENIL 0,1 MG/ML 5 ML (0,5 MG) - AMP",FLUMAZENIL,Flumazenil
Valsartan potássico 160mg cp. (NÃO PADRONIZADO),VALSARTANA,Valsartan
(Do paciente) Mesalazina 500 mg supositório,MESALAZINA,Mesalazina
Venlafaxina 150mg  Cápsula De Liberação Prolongada,VENLAFAXINA ,Venlafaxina
"PIPERACILINA+TAZOBACTAM 4G+0,5G SOL.INJ",PIPERACILINA + TAZOBACTAM,Piperacilina Tazobactam
CLORETO DE POTASSIO 10% 10ML,CLORETO DE POTASSIO,Cloreto de Potássio
Ferinject 50mg/ml Ampola 10ml Inj.,CARBOXIMALTOSE FERRICA,Ferricarboximaltose
